,,,,,,,,,,,,,,,,,,,,,,,,,,,,,,,,,,,,,,,,,,,,,,,,,,,,,,,,,,,,,,,,,,,,,,,,,,,,,,,,,,,,,,,,,,,,,,,,,,,,,,,,,,,,,,,,,,,,,,,,,,,,,,,,,,,,,,,,,,,,
Payment System Indicators,,,,,,,,,,,,,,,,,,,,,,,,,,,,,,,,,,,,,,,,,,,,,,,,,,,,,,,,,,,,,,,,,,,,,,,,,,,,,,,,,,,,,,,,,,,,,,,,,,,,,,,,,,,,,,,,,,,,,,,,,,,,,,,,,,,,,,,,,,,,
,,,,,,,,,,,,,,,,,,,,,,,,,,,,,,,,,,,,,,,,,,,,,,,,,,,,,,,,,,,,,,,,,,,,,,,,,,,,,,,,,,,,,,,,,,,,,,,,,,,,,,,,,,,,,,,,,,,,,,,,,,,,,,,,,,,,,,,,,,,,
Month/Year,A. Settlement Systems,,,,,,,,,,,,,,B. Payment Systems,,,,,,,,,,,,,,,,,,,,,,,,,,,,,,,,,,,,,,,,,,,,,,,,,,,,,,,,,,,,,,,,,,,,,,A. Other Payment Channels,,,,,,,,,,,,B. ATMs,,,,,,,,,,,,,,,,,,Payment System Infrastructures,,,,,,,,,,,,,,,,,,,,,,,,,
,Financial Market Infrastructures (FMIs),,,,,,,,,,,,,,I Financial Market Infrastructures (FMIs),,,,,,II Retail,,,,,,,,,,,,,,,,,,,,,,3.2 ECS Dr ,,II Retail,,,,,,,,,,,,,,,,,,,,,,,,,,,,,,,,6.2 Others ,,II Retail,,,,,,  ,,,,,,,,,,,, ,,,,,,,,,,,,,,,,,,,,,,,,,,,,,,,,,,,,,,,,,,,
,1   CCIL Operated Systems (1.1 to 1.3),,1.1 Govt. Securities Clearing (1.1.1 to 1.1.3),,1.1.1 Outright,,1.1.2 Repo,,1.1.3 Tri-party Repo,,1.2 Forex Clearing,,1.3 Rupee Derivatives @,,1 Credit Transfers - RTGS (1.1 to 1.2),,1.1 Customer Transactions,,1.2 Interbank Transactions,,2 Credit Transfers - Retail (2.1 to 2.7),,2.1 AePS (Fund Transfers) @,,2.2 APBS $,,2.3 ECS Cr,,2.4 IMPS,,2.5 NACH Cr $,,2.6 NEFT,,2.7 UPI @,,2.7.1 of which USSD @,,3 Debit Transfers and Direct Debits (3.1 to 3.4),,3.1 BHIM Aadhaar Pay @,,3.2 ECS Dr ,,3.3 NACH Dr $,,3.4 NETC (linked to bank account) @,,4 Card Payments (4.1 to 4.2),,4.1 Credit Cards (4.1.1 to 4.1.2),,4.1.1 PoS based $,,4.1.2 Others $,,4.2 Debit Cards (4.2.1 to 4.2.1 ),,4.2.1 PoS based $,,4.2.2 Others $,,5 Prepaid Payment Instruments (5.1 to 5.2),,5.1 Wallets,,5.2 Cards (5.2.1 to 5.2.2),,5.2.1 PoS based $,,5.2.2 Others $,,6 Paper-based Instruments (6.1 to 6.2),,6.1 CTS (NPCI Managed),,6.2 Others ,,Total - Retail Payments (2+3+4+5+6),,Total Payments (1+2+3+4+5+6),,Total Digital Payments (1+2+3+4+5),,1 Mobile Payments (mobile app based) (1.1 to 1.2),,1.1 Intra-bank $,,1.2 Inter-bank $,,2 Internet Payments (Netbanking / Internet Browser Based) @ (2.1 to 2.2),,2.1 Intra-bank @,,2.2 Inter-bank @,,3 Cash Withdrawal at ATMs $ (3.1 to 3.3),,3.1 Using Credit Cards $,,3.2 Using Debit Cards $,,3.3 Using Pre-paid Cards $,,4 Cash Withdrawal at PoS $ (4.1 to 4.2),,4.1 Using Debit Cards $,,4.2 Using Pre-paid Cards $,,5   Cash Withrawal at Micro ATMs @,,5.1 AePS @,,1 Number of Cards (1.1 to 1.2),,1.1 Credit Cards,,1.2 Debit Cards,,2 Number of PPIs @ (2.1 to 2.2),,2.1 Wallets @,,2.2 Cards @,,3 Number of ATMs (3.1 to 3.2),,3.1 Bank owned ATMs $,,3.2 White Label ATMs $,,4   Number of Micro ATMs @,,5   Number of PoS Terminals ,,6   Bharat QR @,,7 UPI QR *,
,Volume (Lakh),Value( Rupees Crores ),Volume (Lakh),Value( Rupees Crores ),Volume (Lakh),Value( Rupees Crores ),Volume (Lakh),Value( Rupees Crores ),Volume (Lakh),Value( Rupees Crores ),Volume (Lakh),Value( Rupees Crores ),Volume (Lakh),Value( Rupees Crores ),Volume (Lakh),Value( Rupees Crores ),Volume (Lakh),Value( Rupees Crores ),Volume (Lakh),Value( Rupees Crores ),Volume (Lakh),Value( Rupees Crores ),Volume (Lakh),Value( Rupees Crores ),Volume (Lakh),Value( Rupees Crores ),Volume (Lakh),Value( Rupees Crores ),Volume (Lakh),Value( Rupees Crores ),Volume (Lakh),Value( Rupees Crores ),Volume (Lakh),Value( Rupees Crores ),Volume (Lakh),Value( Rupees Crores ),Volume (Lakh),Value( Rupees Crores ),Volume (Lakh),Value( Rupees Crores ),Volume (Lakh),Value( Rupees Crores ),Volume (Lakh),Value( Rupees Crores ),Volume (Lakh),Value( Rupees Crores ),Volume (Lakh),Value( Rupees Crores ),Volume (Lakh),Value( Rupees Crores ),Volume (Lakh),Value( Rupees Crores ),Volume (Lakh),Value( Rupees Crores ),Volume (Lakh),Value( Rupees Crores ),Volume (Lakh),Value( Rupees Crores ),Volume (Lakh),Value( Rupees Crores ),Volume (Lakh),Value( Rupees Crores ),Volume (Lakh),Value( Rupees Crores ),Volume (Lakh),Value( Rupees Crores ),Volume (Lakh),Value( Rupees Crores ),Volume (Lakh),Value( Rupees Crores ),Volume (Lakh),Value( Rupees Crores ),Volume (Lakh),Value( Rupees Crores ),Volume (Lakh),Value( Rupees Crores ),Volume (Lakh),Value( Rupees Crores ),Volume (Lakh),Value( Rupees Crores ),Volume (Lakh),Value( Rupees Crores ),Volume (Lakh),Value( Rupees Crores ),Volume (Lakh),Value( Rupees Crores ),Volume (Lakh),Value( Rupees Crores ),Volume (Lakh),Value( Rupees Crores ),Volume (Lakh),Value( Rupees Crores ),Volume (Lakh),Value( Rupees Crores ),Volume (Lakh),Value( Rupees Crores ),Volume (Lakh),Value( Rupees Crores ),Volume (Lakh),Value( Rupees Crores ),Volume (Lakh),Value( Rupees Crores ),Volume (Lakh),Value( Rupees Crores ),Volume (Lakh),Value( Rupees Crores ),Volume (Lakh),Value( Rupees Crores ),Volume (Lakh),Value( Rupees Crores ),Volume (Lakh),Value( Rupees Crores ),Volume (Lakh),Value( Rupees Crores ),Volume (Lakh),Value( Rupees Crores ),Volume (Lakh),Value( Rupees Crores ),Volume (Lakh),Value( Rupees Crores ),Volume (Lakh),Value( Rupees Crores ),Volume (Lakh),Value( Rupees Crores ),Volume (Lakh),Value( Rupees Crores ),Volume (Lakh),Value( Rupees Crores ),Volume (Lakh),Value( Rupees Crores ),Volume (Lakh),Value( Rupees Crores ),Volume (Lakh),Value( Rupees Crores ),Volume (Lakh),Value( Rupees Crores ),Volume (Lakh),Value( Rupees Crores ),Volume (Lakh),Value( Rupees Crores )
Jun-2025,5.30,"3,09,59,727",1.77,"1,79,46,468",1.05,"16,11,829",0.51,"78,94,091",0.21,"84,40,549",3.39,"1,19,68,143",0.14,"10,45,117",254.88,"1,90,12,360",253.73,"1,69,83,278",1.15,"20,29,082",200519.84,"69,57,478",0.30,16,2841.94,"48,247",-,-,4481.05,"6,06,356",1325.97,"1,34,188",7920.52,"37,64,742",183950.06,"24,03,931",1.18,21,1891.36,"2,10,754",18.27,615,-,-,1728.39,"2,09,956",144.70,183,5672.82,"2,18,552",4587.10,"1,83,088",2338.70,"67,468",2248.41,"1,15,620",1085.72,"35,463",812.90,"23,079",272.82,"12,384",6868.39,"20,740",5338.82,"17,308",1529.57,"3,432",595.05,888,934.51,"2,544",447.43,"5,50,176",447.43,"5,50,176",0.00,0,215399.84,"79,57,700",215654.72,"2,69,70,060",215207.29,"2,64,19,884",170054.63,"33,85,251",8974.93,"5,29,331",161079.71,"28,55,919",3635.82,"1,28,24,960",839.90,"69,18,867",2795.92,"59,06,093",4382.08,"2,29,907",6.28,345,4358.58,"2,28,735",17.22,827,0.14,1,0.11,1,0.02,0,944.62,"25,646",944.62,"25,646",11163.78,-,1111.97,-,10051.80,-,13520.65,-,8681.92,-,4838.73,-,2.51,-,2.15,-,0.36,-,14.59,-,117.91,-,67.21,-,6782.51,-
May-2025,5.48,"2,96,56,042",1.94,"1,75,00,816",1.28,"18,75,057",0.45,"76,45,792",0.21,"79,79,967",3.44,"1,13,63,617",0.10,"7,91,608",274.71,"1,70,13,770",273.46,"1,52,19,873",1.25,"17,93,897",203656.72,"71,46,649",0.31,17,2786.17,"50,985",-,-,4636.60,"6,40,867",1243.57,"1,47,380",8215.47,"37,93,103",186774.60,"25,14,297",1.79,33,1895.74,"2,06,368",19.51,641,-,-,1723.65,"2,05,535",152.58,192,5827.40,"2,26,810",4676.93,"1,89,832",2359.14,"69,607",2317.79,"1,20,224",1150.47,"36,978",861.57,"24,735",288.90,"12,243",7106.39,"20,722",5474.25,"16,668",1632.13,"4,053",650.54,981,981.59,"3,072",481.93,"5,96,239",481.93,"5,96,239",0.00,0,218968.18,"81,96,787",219242.89,"2,52,10,557",218760.96,"2,46,14,318",173238.90,"36,41,750",9743.77,"6,38,772",163495.14,"30,02,978",3668.66,"1,16,61,241",851.54,"60,68,349",2817.12,"55,92,892",4604.61,"2,46,201",6.70,370,4579.88,"2,44,945",18.03,886,0.15,2,0.13,1,0.03,0,1017.25,"27,668",1017.25,"27,668",11115.67,-,1111.98,-,10003.70,-,13513.51,-,8692.12,-,4821.38,-,2.57,-,2.21,-,0.36,-,14.78,-,115.89,-,66.64,-,6698.20,-
Apr-2025,5.07,"2,93,99,814",1.89,"1,66,57,576",1.30,"20,17,823",0.38,"70,78,422",0.20,"75,61,331",3.07,"1,19,92,139",0.11,"7,50,099",262.41,"1,68,95,789",261.16,"1,50,60,026",1.24,"18,35,763",194925.94,"71,26,205",0.30,16,2610.51,"57,566",-,-,4492.53,"6,21,666",1200.84,"1,54,683",7687.52,"38,97,348",178934.24,"23,94,926",1.22,13,1869.90,"1,98,565",17.39,601,-,-,1709.27,"1,97,780",143.24,184,5673.64,"2,22,351",4502.70,"1,84,237",2281.41,"67,899",2221.29,"1,16,338",1170.93,"38,113",875.30,"26,187",295.63,"11,926",6768.43,"21,254",5157.38,"15,896",1611.04,"5,358",649.25,"1,093",961.79,"4,265",494.77,"6,45,079",494.77,"6,45,079",0.00,0,209732.67,"82,13,454",209995.08,"2,51,09,243",209500.31,"2,44,64,164",165815.85,"35,05,147",9304.93,"6,17,898",156510.92,"28,87,249",3653.49,"1,16,33,517",838.00,"60,48,107",2815.49,"55,85,409",4602.65,"2,44,747",6.86,373,4578.06,"2,43,494",17.73,881,0.17,2,0.15,1,0.02,0,928.36,"25,662",928.36,"25,662",11064.20,-,1104.36,-,9959.84,-,13444.93,-,8719.54,-,4725.39,-,2.55,-,2.19,-,0.36,-,14.74,-,112.91,-,66.84,-,6624.75,-
Mar-2025,4.36,"2,79,36,158",1.33,"1,53,56,048",0.76,"12,97,378",0.36,"65,89,738",0.21,"74,68,932",2.94,"1,17,58,724",0.09,"8,21,387",307.03,"2,14,01,969",305.71,"1,93,94,683",1.32,"20,07,287",202008.61,"82,42,601",0.31,16,3506.60,"66,841",-,-,4616.39,"6,67,813",1861.26,"1,76,401",9008.97,"48,54,308",183015.08,"24,77,222",1.26,14,1891.35,"2,11,047",19.59,611,-,-,1724.79,"2,10,246",146.97,191,5789.52,"2,40,549",4586.50,"2,01,494",2302.66,"71,473",2283.84,"1,30,021",1203.02,"39,055",895.82,"25,818",307.20,"13,237",6783.69,"21,465",5061.17,"16,077",1722.52,"5,388",648.24,"1,016",1074.28,"4,372",531.76,"6,59,873",531.76,"6,59,873",0.00,0,217004.93,"93,75,535",217311.96,"3,07,77,505",216780.20,"3,01,17,631",171174.23,"37,69,671",9863.76,"6,70,272",161310.47,"30,99,400",4096.24,"1,39,92,340",1009.09,"73,19,249",3087.15,"66,73,091",4983.78,"2,63,892",7.43,410,4957.22,"2,62,540",19.13,942,0.22,2,0.19,2,0.03,0,1102.31,"29,561",1102.31,"29,561",11006.97,-,1098.85,-,9908.12,-,13396.53,-,8673.62,-,4722.91,-,2.56,-,2.20,-,0.36,-,14.82,-,110.98,-,67.18,-,6579.30,-
Feb-2025,3.72,"2,51,71,733",1.16,"1,41,37,926",0.63,"10,88,598",0.33,"59,16,603",0.20,"71,32,725",2.45,"99,57,432",0.12,"10,76,374",244.20,"1,60,99,371",243.05,"1,42,26,027",1.16,"18,73,344",177394.61,"64,97,660",0.28,16,3103.12,"57,097",-,-,4048.29,"5,63,082",1533.06,"1,40,881",7647.93,"35,40,103",161061.93,"21,96,482",1.15,13,1862.80,"1,93,068",15.67,494,-,-,1701.10,"1,92,387",146.03,186,5052.09,"2,01,522",3969.59,"1,67,208",1999.96,"62,125",1969.63,"1,05,083",1082.50,"34,314",803.42,"23,216",279.07,"11,098",6398.44,"19,236",4850.75,"14,404",1547.69,"4,833",641.84,969,905.86,"3,863",462.02,"5,40,834",462.02,"5,40,834",0.00,0,191169.95,"74,52,321",191414.16,"2,35,51,692",190952.14,"2,30,10,857",150031.46,"32,15,517",8703.42,"5,58,355",141328.04,"26,57,162",3635.80,"1,03,39,284",1003.69,"53,54,635",2632.11,"49,84,649",4497.97,"2,35,618",6.84,370,4473.77,"2,34,408",17.36,840,0.22,2,0.19,2,0.03,0,921.64,"23,605",921.64,"23,605",10949.92,-,1093.15,-,9856.77,-,13614.38,-,9001.61,-,4612.77,-,2.58,-,2.22,-,0.36,-,14.68,-,107.18,-,65.48,-,6496.91,-
Jan-2025,4.88,"3,02,96,790",1.77,"1,78,07,347",1.10,"16,27,265",0.41,"72,88,494",0.25,"88,91,588",2.94,"1,11,64,125",0.17,"13,25,318",268.15,"1,74,99,363",266.89,"1,55,71,748",1.26,"19,27,615",186538.41,"70,00,487",0.31,18,2263.21,"52,280",-,-,4442.23,"6,06,420",1304.72,"1,45,699",8567.93,"38,48,033",169960.01,"23,48,037",1.38,16,1878.45,"1,99,535",15.79,486,-,-,1715.83,"1,98,857",146.83,193,5522.42,"2,23,090",4305.72,"1,84,126",2177.43,"69,429",2128.29,"1,14,697",1216.69,"38,963",910.91,"25,999",305.78,"12,965",6547.10,"19,496",4875.14,"14,700",1671.97,"4,796",701.18,"1,000",970.79,"3,796",516.61,"6,06,756",516.61,"6,06,756",0.00,0,201003.00,"80,49,363",201271.14,"2,55,48,726",200754.53,"2,49,41,970",158794.78,"34,51,865",9234.72,"6,07,541",149560.06,"28,44,325",4167.05,"1,16,39,721",1212.87,"61,30,804",2954.18,"55,08,917",4910.07,"2,51,938",7.79,412,4883.53,"2,50,646",18.75,879,0.27,3,0.24,3,0.03,0,915.09,"23,246",915.09,"23,246",10909.12,-,1088.73,-,9820.39,-,13463.21,-,8954.73,-,4508.48,-,2.57,-,2.21,-,0.36,-,14.74,-,103.53,-,64.43,-,6401.65,-
Dec-2024,3.78,"2,74,48,820",1.49,"1,65,06,680",0.84,"13,48,782",0.41,"63,77,679",0.24,"87,80,219",2.16,"99,19,285",0.13,"10,22,855",262.29,"1,91,63,587",261.11,"1,71,61,423",1.17,"20,02,163",183786.41,"69,35,632",0.31,17,2451.41,"58,705",-,-,4411.64,"6,01,549",1315.94,"1,35,695",8307.02,"38,14,966",167300.09,"23,24,700",1.56,16,1905.47,"1,98,303",17.18,547,-,-,1738.32,"1,97,549",149.97,207,5608.59,"2,28,548",4328.50,"1,87,949",2240.03,"73,048",2088.46,"1,14,901",1280.10,"40,599",964.50,"27,609",315.60,"12,990",6377.99,"18,992",4830.75,"14,437",1547.24,"4,556",684.93,991,862.31,"3,565",506.56,"5,87,879",506.56,"5,87,879",0.00,0,198185.02,"79,69,354",198447.31,"2,71,32,941",197940.75,"2,65,45,062",156762.66,"34,55,800",9183.14,"6,18,347",147579.52,"28,37,453",4072.71,"1,22,03,095",1155.00,"64,14,756",2917.71,"57,88,339",4950.77,"2,52,471",8.12,429,4923.54,"2,51,161",19.11,881,0.29,3,0.26,3,0.03,0,910.87,"23,195",910.87,"23,195",10990.04,-,1080.56,-,9909.48,-,13269.07,-,8904.25,-,4364.82,-,2.55,-,2.19,-,0.36,-,14.67,-,100.01,-,63.83,-,6334.39,-
Nov-2024,2.61,"2,05,92,498",1.10,"1,39,54,925",0.54,"8,47,485",0.35,"53,66,007",0.20,"77,41,434",1.40,"59,72,544",0.11,"6,65,029",240.29,"1,48,26,882",239.16,"1,35,04,833",1.12,"13,22,050",170358.50,"62,74,182",0.30,14,2250.97,"32,384",-,-,4079.18,"5,58,328",1438.33,"1,47,385",7769.51,"33,80,884",154820.21,"21,55,187",1.56,16,1894.74,"1,85,643",19.29,629,-,-,1732.94,"1,84,814",142.51,200,5171.02,"2,08,387",3936.04,"1,69,298",2036.02,"68,233",1900.02,"1,01,065",1231.89,"39,010",916.24,"26,677",315.65,"12,333",5847.81,"19,214",4462.09,"13,130",1385.72,"6,083",663.27,915,722.45,"5,168",472.48,"5,37,849",472.48,"5,37,849",0.00,0,183744.55,"72,25,275",183984.84,"2,20,52,158",183512.36,"2,15,14,309",144939.48,"32,15,469",8518.56,"5,98,558",136420.92,"26,16,911",3624.01,"90,02,230",1024.09,"44,83,631",2599.92,"45,18,598",4760.71,"2,41,717",7.75,410,4734.61,"2,40,471",18.35,837,0.28,3,0.27,3,0.02,0,898.33,"22,981",898.33,"22,981",11008.78,-,1072.40,-,9936.38,-,15624.08,-,11460.53,-,4163.55,-,2.55,-,2.20,-,0.35,-,14.43,-,96.91,-,63.60,-,6260.92,-
Oct-2024,3.59,"2,57,30,864",1.69,"1,66,64,120",1.04,"16,26,397",0.41,"65,73,748",0.23,"84,63,975",1.74,"80,46,345",0.16,"10,20,399",267.92,"1,70,70,975",266.69,"1,54,18,778",1.23,"16,52,197",185187.17,"73,58,283",0.31,17,4021.91,"69,157",-,-,4668.23,"6,29,382",1463.68,"1,57,479",9183.38,"41,52,428",165849.66,"23,49,821",1.64,18,1871.73,"1,89,818",24.54,773,-,-,1710.21,"1,88,844",136.98,202,5774.01,"2,48,709",4332.14,"2,01,789",2196.73,"79,293",2135.41,"1,22,496",1427.17,"46,830",1060.17,"32,091",367.00,"14,738",5977.88,"20,419",4425.20,"13,074",1552.68,"7,345",718.88,981,833.81,"6,365",546.98,"6,24,057",546.98,"6,24,057",0.00,0,199357.77,"84,41,287",199625.69,"2,55,12,262",199078.71,"2,48,88,205",156523.15,"35,68,090",9560.14,"6,67,326",146963.01,"29,00,764",4190.45,"1,01,29,153",1149.60,"49,71,326",3040.85,"51,57,826",5545.14,"2,85,511",8.32,444,5515.33,"2,84,081",21.49,985,0.29,3,0.28,3,0.01,0,1227.30,"31,480",1227.30,"31,480",11053.03,-,1068.90,-,9984.13,-,15503.27,-,11439.31,-,4063.95,-,2.56,-,2.21,-,0.35,-,14.43,-,95.09,-,64.31,-,6167.67,-
Sep-2024,4.08,"2,38,40,258",1.57,"1,47,50,412",0.99,"14,68,346",0.37,"60,38,102",0.21,"72,43,965",2.40,"84,15,273",0.11,"6,74,573",233.33,"1,77,86,483",232.21,"1,60,27,655",1.12,"17,58,828",166626.30,"63,84,754",0.30,14,2342.41,"35,550",-,-,4299.36,"5,65,233",1657.93,"1,22,079",7908.83,"35,97,885",150417.47,"20,63,995",1.31,14,1805.36,"1,80,707",18.81,568,-,-,1651.69,"1,79,945",134.86,193,5275.26,"2,16,304",3921.62,"1,76,202",1978.05,"60,857",1943.57,"1,15,345",1353.64,"40,102",995.07,"25,777",358.58,"14,324",5476.69,"17,489",4054.95,"11,889",1421.74,"5,600",721.65,858,700.09,"4,743",484.94,"5,43,387",484.94,"5,43,387",0.00,0,179668.57,"73,42,641",179901.90,"2,51,29,124",179416.96,"2,45,85,737",143577.22,"31,64,355",9082.11,"6,01,793",134495.11,"25,62,562",3847.73,"1,00,92,959",1101.62,"51,23,573",2746.11,"49,69,386",4949.81,"2,45,223",8.02,417,4922.18,"2,43,930",19.62,876,0.27,3,0.25,3,0.01,0,975.12,"23,389",975.12,"23,389",10968.21,-,1061.03,-,9907.18,-,15339.88,-,11381.79,-,3958.09,-,2.55,-,2.20,-,0.35,-,14.45,-,93.43,-,64.16,-,6069.95,-
Aug-2024,3.88,"2,32,05,978",1.62,"1,55,44,033",0.99,"14,68,219",0.41,"63,91,039",0.22,"76,84,775",2.13,"69,11,072",0.13,"7,50,873",237.53,"1,59,10,436",236.33,"1,43,85,410",1.19,"15,25,025",166465.50,"64,08,703",0.31,13,2783.25,"35,283",-,-,4533.37,"5,77,888",1534.87,"1,44,196",7983.23,"35,90,588",149630.47,"20,60,736",1.45,15,1774.78,"1,77,162",19.06,576,-,-,1621.10,"1,76,386",134.62,199,5323.13,"2,11,744",3900.68,"1,68,202",2023.83,"63,208",1876.85,"1,04,994",1422.45,"43,542",1061.41,"29,346",361.04,"14,196",5466.90,"16,555",4092.83,"11,599",1374.07,"4,956",710.24,908,663.82,"4,048",508.49,"5,68,848",508.49,"5,68,848",0.00,0,179538.79,"73,83,012",179776.32,"2,32,93,447",179267.83,"2,27,24,600",144031.16,"31,88,004",9171.14,"5,98,931",134860.02,"25,89,074",3912.80,"95,20,832",1157.09,"48,83,018",2755.71,"46,37,815",5157.20,"2,55,021",8.46,434,5128.53,"2,53,703",20.20,883,0.30,3,0.28,3,0.02,0,972.97,"23,935",972.97,"23,935",10912.03,-,1054.92,-,9857.10,-,15182.14,-,11322.72,-,3859.42,-,2.55,-,2.20,-,0.35,-,14.42,-,93.01,-,63.97,-,5912.10,-
Jul-2024,4.54,"2,52,80,807",1.71,"1,71,39,102",1.03,"15,24,120",0.44,"71,50,905",0.23,"84,64,077",2.71,"74,17,106",0.12,"7,24,598",246.68,"1,59,70,680",245.48,"1,45,31,533",1.19,"14,39,147",161225.51,"64,80,748",0.31,13,2481.39,"28,605",-,-,4902.84,"5,93,177",1479.29,"1,32,397",8006.14,"36,62,264",144355.54,"20,64,292",1.40,15,1734.76,"1,75,789",19.25,575,-,-,1588.11,"1,75,014",127.40,200,5294.35,"2,17,435",3837.80,"1,72,670",1970.94,"62,284",1866.86,"1,10,386",1456.56,"44,765",1068.60,"28,600",387.96,"16,165",5356.71,"16,327",4009.69,"11,386",1347.01,"4,941",713.97,940,633.05,"4,001",531.00,"6,10,685",531.00,"6,10,685",0.00,0,174142.33,"75,00,984",174146.87,"3,27,81,791",173615.87,"3,21,71,106",139896.66,"31,75,688",9299.87,"5,99,279",130596.79,"25,76,409",4237.05,"98,94,532",1225.09,"50,64,291",3011.95,"48,30,241",5069.38,"2,50,318",8.54,433,5040.14,"2,48,968",20.70,917,0.29,3,0.27,3,0.02,0,944.29,"23,498",944.29,"23,498",10850.30,-,1045.68,-,9804.62,-,15211.55,-,11419.62,-,3791.93,-,2.55,-,2.21,-,0.34,-,14.71,-,89.72,-,61.87,-,5850.32,-
Jun-2024,4.36,"2,25,80,094",1.60,"1,51,07,943",0.97,"13,72,786",0.42,"64,14,226",0.21,"73,20,931",2.67,"69,53,169",0.09,"5,18,982",231.84,"1,60,37,694",230.72,"1,45,70,686",1.12,"14,67,008",155567.02,"60,73,917",0.30,16,2929.34,"43,676",-,-,5167.51,"5,77,794",1311.11,"1,13,888",7307.34,"33,31,461",138851.42,"20,07,081",1.41,15,1697.73,"1,71,469",21.07,581,-,-,1544.59,"1,70,756",132.07,132,5003.43,"2,00,081",3579.49,"1,58,822",1895.40,"59,417",1684.10,"99,405",1423.94,"41,259",1063.58,"27,629",360.36,"13,629",5236.08,"15,897",4038.05,"11,298",1198.03,"4,599",650.89,946,547.14,"3,653",484.42,"5,53,834",484.42,"5,53,834",0.00,0,167988.69,"70,15,198",168220.52,"2,30,52,892",167736.10,"2,24,99,058",132846.07,"30,29,193",8784.73,"5,57,266",124061.34,"24,71,927",3780.42,"1,04,87,118",1029.33,"55,73,973",2751.09,"49,13,144",5076.57,"2,55,229",8.29,426,5045.81,"2,53,844",22.47,959,0.28,3,0.27,3,0.02,0,973.79,"24,426",973.79,"24,426",10662.37,-,1038.13,-,9624.24,-,15051.30,-,11375.61,-,3675.69,-,2.56,-,2.21,-,0.35,-,15.25,-,89.67,-,61.64,-,5770.15,-
May-2024,4.07,"2,20,18,913",1.60,"1,46,32,648",0.98,"13,63,203",0.43,"66,69,493",0.19,"65,99,952",2.37,"67,80,829",0.10,"6,05,436",249.71,"1,51,86,947",248.49,"1,35,59,606",1.22,"16,27,340",156773.59,"62,79,019",0.31,18,2295.50,"37,499",-,-,5576.99,"6,06,167",1074.61,"1,32,404",7467.75,"34,57,995",140358.43,"20,44,937",1.62,17,1698.67,"1,67,035",19.33,506,-,-,1539.23,"1,66,305",140.11,225,5105.17,"2,08,520",3601.36,"1,64,955",1906.58,"63,831",1694.78,"1,01,124",1503.82,"43,565",1114.35,"29,772",389.47,"13,793",5496.00,"16,697",4204.49,"11,566",1291.51,"5,131",689.94,"1,027",601.57,"4,104",524.39,"6,11,518",524.39,"6,11,518",0.00,0,169597.82,"72,82,789",169847.53,"2,24,69,736",169323.14,"2,18,58,218",133232.33,"30,92,908",8851.50,"5,71,075",124380.84,"25,21,832",3812.36,"95,95,069",1012.11,"49,05,987",2800.25,"46,89,082",5166.41,"2,60,240",8.63,441,5133.52,"2,58,785",24.26,"1,014",0.33,3,0.31,3,0.02,0,879.79,"22,804",879.79,"22,804",10598.99,-,1033.00,-,9565.98,-,14840.92,-,11302.14,-,3538.78,-,2.57,-,2.22,-,0.36,-,15.69,-,88.04,-,61.21,-,5690.84,-
Apr-2024,3.53,"2,21,15,118",1.25,"1,41,32,535",0.68,"10,23,439",0.38,"65,10,577",0.19,"65,98,519",2.17,"73,43,662",0.11,"6,38,922",235.59,"1,44,33,296",234.46,"1,28,00,746",1.12,"16,32,550",149083.29,"58,45,989",0.29,19,2535.32,"36,959",-,-,5503.65,"5,92,279",964.06,"1,21,718",7040.03,"31,30,549",133039.94,"19,64,465",1.52,18,1644.10,"1,59,006",20.50,563,-,-,1494.37,"1,58,223",129.23,220,4960.12,"2,00,409",3441.51,"1,56,498",1843.36,"61,982",1598.15,"94,516",1518.61,"43,911",1126.31,"30,022",392.30,"13,889",5288.79,"14,964",3993.29,"10,507",1295.49,"4,457",695.13,962,600.37,"3,495",525.73,"6,67,829",525.73,"6,67,829",0.00,0,161502.02,"68,88,198",161737.61,"2,13,21,494",161211.88,"2,06,53,665",127302.31,"29,62,262",8373.78,"5,52,044",118928.53,"24,10,218",3796.75,"96,37,480",966.25,"50,89,149",2830.50,"45,48,332",5240.40,"2,65,905",9.07,458,5207.60,"2,64,457",23.73,990,0.52,5,0.50,5,0.02,0,919.05,"24,502",919.05,"24,502",10534.85,-,1025.40,-,9509.45,-,14716.82,-,11294.83,-,3421.99,-,2.57,-,2.23,-,0.35,-,17.44,-,88.39,-,60.73,-,5597.20,-
Mar-2024,3.48,"2,16,27,756",1.14,"1,33,74,679",0.60,"9,81,057",0.35,"62,26,720",0.19,"61,66,902",2.27,"77,95,104",0.07,"4,57,973",278.47,"1,81,28,366",277.25,"1,65,88,625",1.22,"15,39,741",152969.08,"71,52,557",0.34,22,3014.53,"44,707",-,-,5806.36,"6,34,706",1808.71,"1,73,928",7939.10,"43,20,840",134400.04,"19,78,353",1.78,20,1661.00,"1,65,047",22.68,584,-,-,1492.00,"1,64,223",146.32,240,5034.13,"2,09,208",3439.38,"1,64,459",1800.04,"60,378",1639.34,"1,04,081",1594.75,"44,749",1163.77,"29,309",430.98,"15,440",5804.85,"18,200",4489.88,"13,741",1314.97,"4,459",699.02,964,615.95,"3,495",585.31,"6,88,745",585.31,"6,88,745",0.00,0,166054.37,"82,33,757",166332.85,"2,63,62,123",165747.54,"2,56,73,378",128625.58,"31,31,961",8771.04,"6,02,816",119854.54,"25,29,145",4250.54,"1,03,74,045",1142.99,"52,35,835",3107.55,"51,38,210",5563.96,"2,78,271",8.83,446,5528.63,"2,76,714",26.50,"1,111",0.53,5,0.51,5,0.02,0,1059.56,"27,303",1059.56,"27,303",10667.22,-,1018.03,-,9649.19,-,16743.63,-,13381.80,-,3361.82,-,2.58,-,2.23,-,0.35,-,17.55,-,89.03,-,62.50,-,3434.93,"3,634"
Feb-2024,3.60,"2,19,07,760",1.46,"1,47,22,762",0.87,"12,73,135",0.39,"65,75,139",0.20,"68,74,488",2.04,"65,37,554",0.09,"6,47,444",238.26,"1,46,14,297",237.09,"1,30,83,464",1.17,"15,30,833",137733.21,"60,39,675",0.32,21,2965.77,"48,312",-,-,5346.35,"5,68,092",1504.81,"1,23,887",6889.23,"34,71,495",121026.73,"18,27,869",1.66,19,1611.25,"1,53,734",15.43,376,-,-,1464.78,"1,53,173",131.04,184,4634.92,"1,90,658",3112.44,"1,49,206",1618.50,"54,431",1493.94,"94,775",1522.47,"41,452",1108.96,"27,918",413.51,"13,534",6470.84,"22,674",5211.85,"18,434",1259.00,"4,240",702.41,919,556.58,"3,321",541.88,"6,02,630",541.88,"6,02,630",0.00,0,150992.11,"70,09,371",151230.37,"2,16,23,668",150688.49,"2,10,21,038",117275.04,"28,28,120",7774.97,"5,30,845",109500.07,"22,97,275",3800.36,"88,67,591",1008.05,"45,40,083",2792.31,"43,27,508",5172.34,"2,57,238",7.91,395,5139.17,"2,55,809",25.26,"1,034",0.55,5,0.53,5,0.01,0,812.15,"21,543",812.15,"21,543",10612.71,-,1006.00,-,9606.71,-,17118.53,-,13795.76,-,3322.78,-,2.57,-,2.23,-,0.34,-,17.01,-,87.73,-,61.50,-,3371.80,-
Jan-2024,3.74,"2,17,05,635",1.42,"1,46,58,627",0.79,"11,00,547",0.43,"60,39,056",0.21,"75,19,024",2.21,"64,39,543",0.11,"6,07,465",230.99,"1,46,91,625",229.79,"1,31,27,720",1.20,"15,63,905",137068.03,"59,45,126",0.36,24,2118.74,"42,872",-,-,5087.92,"5,66,310",948.05,"1,27,514",6882.78,"33,67,322",122030.18,"18,41,084",1.90,21,1571.50,"1,54,405",18.82,619,-,-,1440.08,"1,53,564",112.60,222,4934.19,"2,11,931",3289.52,"1,66,444",1725.59,"58,532",1563.93,"1,07,912",1644.68,"45,487",1193.18,"30,383",451.50,"15,103",7087.25,"25,784",5766.67,"21,259",1320.58,"4,525",690.67,927,629.91,"3,598",547.17,"5,83,653",547.17,"5,83,653",0.00,0,151208.15,"69,20,899",151439.14,"2,16,12,523",150891.97,"2,10,28,871",117854.93,"28,15,296",7654.37,"5,24,854",110200.56,"22,90,441",3837.71,"91,23,990",1028.04,"47,67,036",2809.67,"43,56,954",5306.01,"2,60,746",8.26,404,5272.19,"2,59,326",25.56,"1,016",0.65,6,0.64,6,0.02,0,839.66,"22,351",839.66,"22,351",10570.66,-,995.00,-,9575.66,-,17676.26,-,14396.94,-,3279.32,-,2.58,-,2.24,-,0.34,-,17.60,-,85.93,-,60.04,-,3213.79,"3,380"
Dec-2023,3.41,"2,22,28,644",1.29,"1,42,20,985",0.69,"10,09,116",0.40,"59,03,343",0.20,"73,08,526",2.01,"73,92,675",0.11,"6,14,984",230.39,"1,58,88,778",229.23,"1,42,44,586",1.16,"16,44,192",134755.92,"59,17,191",0.32,23,1580.49,"27,013",-,-,4987.93,"5,70,126",1310.99,"1,28,244",6673.93,"33,68,836",120202.26,"18,22,949",2.06,26,1557.74,"1,52,705",14.09,478,-,-,1403.46,"1,51,991",140.19,237,4983.15,"2,13,054",3215.00,"1,65,119",1706.70,"58,300",1508.29,"1,06,819",1768.16,"47,935",1301.59,"32,225",466.56,"15,709",7235.20,"26,173",5960.57,"21,732",1274.63,"4,441",709.65,915,564.98,"3,526",547.23,"5,92,972",547.23,"5,92,972",0.00,0,149079.24,"69,02,095",149309.63,"2,27,90,873",148762.40,"2,21,97,901",116329.75,"28,04,467",7372.04,"5,08,669",108957.71,"22,95,798",3836.26,"93,88,620",1050.96,"48,62,570",2785.31,"45,26,051",5463.60,"2,69,288",8.19,405,5428.47,"2,67,843",26.94,"1,041",0.66,6,0.66,6,0.00,0,929.51,"24,592",929.51,"24,592",10587.85,-,979.05,-,9608.81,-,17544.34,-,14293.01,-,3251.33,-,2.58,-,2.24,-,0.34,-,16.89,-,85.67,-,59.57,-,3170.66,-
Nov-2023,3.08,"2,10,11,085",1.24,"1,35,68,124",0.64,"9,39,382",0.41,"59,19,154",0.19,"67,09,589",1.74,"69,22,315",0.10,"5,20,645",219.20,"1,35,91,443",218.05,"1,20,78,797",1.15,"15,12,645",128072.73,"56,73,303",0.30,19,3221.01,"47,635",-,-,4723.84,"5,35,002",1380.65,"1,42,415",6394.01,"32,08,491",112352.92,"17,39,741",2.69,37,1527.84,"1,42,456",18.82,590,-,-,1376.66,"1,41,646",132.36,220,4742.56,"2,10,038",2970.90,"1,60,644",1583.66,"59,015",1387.24,"1,01,629",1771.66,"49,394",1301.95,"34,379",469.71,"15,015",6510.09,"24,248",5308.63,"19,853",1201.46,"4,394",662.14,891,539.32,"3,504",525.55,"5,58,866",525.55,"5,58,866",0.00,0,141378.76,"66,08,910",141597.96,"2,02,00,353",141072.41,"1,96,41,487",108646.12,"26,46,783",6927.98,"4,78,326",101718.14,"21,68,458",3622.58,"80,33,440",988.62,"41,30,936",2633.96,"39,02,504",5542.64,"2,76,530",7.89,391,5505.75,"2,75,032",28.99,"1,107",0.75,7,0.75,7,0.01,0,1079.59,"28,972",1079.59,"28,972",10725.71,-,960.01,-,9764.99,-,16944.31,-,13758.21,-,3186.10,-,2.58,-,2.24,-,0.34,-,15.87,-,84.32,-,58.74,-,3087.39,-
Oct-2023,3.31,"2,14,22,005",1.26,"1,39,02,085",0.66,"8,89,349",0.40,"57,60,793",0.20,"72,51,944",1.96,"70,18,310",0.10,"5,01,610",224.62,"1,34,64,400",223.48,"1,18,99,324",1.14,"15,65,076",128356.32,"56,67,254",0.31,20,1745.79,"19,666",-,-,4928.80,"5,38,239",1278.99,"1,31,546",6314.53,"32,62,015",114087.90,"17,15,768",2.63,38,1499.66,"1,39,050",15.14,525,-,-,1348.29,"1,38,287",136.23,238,5104.71,"2,30,670",3200.48,"1,78,569",1596.74,"57,774",1603.73,"1,20,795",1904.23,"52,101",1375.28,"33,731",528.95,"18,370",6687.84,"25,012",5329.32,"20,649",1358.52,"4,362",735.65,872,622.87,"3,490",559.90,"5,84,454",559.90,"5,84,454",0.00,0,142208.43,"66,46,440",142433.05,"2,01,10,841",141873.15,"1,95,26,387",109334.05,"26,19,086",6877.68,"4,74,253",102456.37,"21,44,833",3736.00,"84,64,802",983.50,"44,00,612",2752.51,"40,64,190",5721.32,"2,77,832",8.54,413,5683.38,"2,76,289",29.40,"1,130",0.85,8,0.84,8,0.01,0,986.49,"25,378",986.49,"25,378",10748.82,-,947.11,-,9801.71,-,16830.82,-,13668.03,-,3162.79,-,2.58,-,2.23,-,0.35,-,15.30,-,83.48,-,59.75,-,3017.20,-
Sep-2023,3.73,"2,11,04,039",1.52,"1,37,23,954",0.93,"12,11,320",0.41,"56,29,136",0.19,"68,83,498",2.10,"68,11,643",0.11,"5,68,441",213.94,"1,45,45,183",212.80,"1,29,60,210",1.13,"15,84,974",119215.72,"53,40,256",0.31,21,1818.74,"17,943",-,-,4728.97,"5,07,497",1512.78,"1,09,472",5598.05,"31,26,190",105556.87,"15,79,133",2.52,37,1514.68,"1,38,748",13.87,441,-,-,1371.81,"1,38,081",129.00,226,4578.47,"1,89,186",2739.43,"1,42,320",1420.96,"49,440",1318.47,"92,879",1839.04,"46,866",1326.09,"30,512",513.26,"16,355",-,"23,668",4927.10,"19,944",1216.07,"3,724",707.39,842,508.67,"2,882",538.35,"5,75,021",538.35,"5,75,021",0.00,0,131990.38,"62,66,879",132204.32,"2,08,12,062",131665.97,"2,02,37,041",101214.61,"24,34,721",6606.30,"4,46,014",94608.31,"19,88,707",3650.26,"82,19,961",988.10,"41,79,061",2662.16,"40,40,900",5377.22,"2,60,514",7.85,380,5340.70,"2,59,072",28.67,"1,062",0.97,9,0.96,9,0.01,0,991.43,"25,477",991.43,"25,477",10713.04,-,930.17,-,9782.86,-,16718.12,-,13588.07,-,3130.05,-,2.58,-,2.23,-,0.35,-,14.87,-,83.03,-,59.82,-,2950.06,-
Aug-2023,3.83,"2,17,96,085",1.46,"1,43,74,901",0.82,"10,75,273",0.44,"62,65,271",0.20,"70,34,358",2.23,"66,36,448",0.14,"7,84,735",218.08,"1,37,42,007",216.88,"1,22,02,747",1.20,"15,39,260",119823.49,"53,74,181",0.34,22,1791.92,"20,129",-,-,4891.65,"5,14,280",1627.49,"1,28,612",5651.92,"31,34,602",105860.16,"15,76,537",2.60,41,1522.83,"1,35,193",13.96,416,-,-,1374.16,"1,34,543",134.72,234,4981.72,"2,01,282",2905.78,"1,48,602",1520.79,"52,961",1384.99,"95,641",2075.94,"52,680",1495.72,"34,605",580.22,"18,075",6366.80,"23,669",5067.34,"20,002",1299.47,"3,667",729.39,855,570.08,"2,812",565.42,"5,93,323",565.42,"5,93,323",0.00,0,133260.26,"63,27,649",133478.34,"2,00,69,656",132912.92,"1,94,76,333",101423.21,"24,23,257",6553.02,"4,39,916",94870.20,"19,83,340",3790.98,"82,95,085",1033.68,"44,90,488",2757.30,"38,04,596",5723.31,"2,73,107",8.09,383,5685.10,"2,71,612",30.12,"1,112",1.26,12,1.25,12,0.01,0,1055.42,"27,023",1055.42,"27,023",10693.35,-,912.78,-,9780.57,-,16625.74,-,13483.91,-,3141.84,-,2.58,-,2.23,-,0.35,-,15.29,-,82.47,-,58.99,-,2881.64,-
Jul-2023,3.83,"2,11,13,033",1.53,"1,43,38,395",0.87,"12,00,245",0.46,"67,22,022",0.20,"64,16,128",2.17,"59,37,050",0.13,"8,37,588",211.89,"1,31,24,561",210.72,"1,16,15,417",1.17,"15,09,144",114189.63,"52,50,943",0.32,22,2850.05,"45,524",-,-,4897.10,"5,12,312",1322.80,"1,10,184",5476.79,"30,49,364",99642.56,"15,33,536",2.77,43,1473.10,"1,30,931",14.42,457,-,-,1327.06,"1,30,240",131.62,233,4882.21,"1,98,421",2780.90,"1,45,108",1434.21,"49,789",1346.69,"95,319",2101.31,"53,313",1485.21,"33,513",616.10,"19,801",6393.08,"23,238",5068.53,"19,736",1324.55,"3,502",714.15,775,610.40,"2,727",555.48,"5,87,310",555.48,"5,87,310",0.00,0,127493.51,"61,90,842",127705.40,"1,93,15,404",127149.92,"1,87,28,094",93340.31,"23,16,954",6400.03,"4,28,279",86940.28,"18,88,674",3938.95,"81,57,864",1107.74,"43,53,820",2831.21,"38,04,045",5590.96,"2,69,298",7.58,357,5553.98,"2,67,870",29.39,"1,071",2.23,22,2.23,22,0.01,0,1078.92,"28,950",1078.92,"28,950",10606.14,-,898.73,-,9707.41,-,16646.89,-,13678.38,-,2968.51,-,2.57,-,2.21,-,0.36,-,15.37,-,81.23,-,58.06,-,2807.25,-
Jun-2023,3.81,"2,26,38,088",1.54,"1,52,59,736",0.88,"12,99,039",0.45,"73,12,076",0.21,"66,48,621",2.17,"68,54,522",0.10,"5,23,830",212.30,"1,43,36,617",211.10,"1,27,39,932",1.20,"15,96,685",106299.38,"51,51,213",0.30,20,1875.41,"25,772",-,-,4681.02,"5,00,482",1294.91,"1,09,983",5097.12,"30,39,491",93350.61,"14,75,464",2.18,30,1453.92,"1,29,549",14.83,487,-,-,1296.38,"1,28,819",142.71,243,4731.29,"1,88,284",2629.05,"1,37,234",1378.71,"48,854",1250.34,"88,380",2102.24,"51,049",1499.66,"33,778",602.58,"17,271",6569.82,"23,509",5303.68,"19,762",1266.13,"3,747",681.07,"1,017",585.06,"2,730",539.36,"5,78,306",539.36,"5,78,306",0.00,0,119593.76,"60,70,861",119806.06,"2,04,07,478",119266.70,"1,98,29,172",88097.74,"22,43,152",6145.85,"4,16,271",81951.89,"18,26,881",3566.29,"83,54,717",929.63,"44,56,179",2636.66,"38,98,539",5577.45,"2,74,070",7.43,352,5540.43,"2,72,643",29.58,"1,074",2.29,23,2.29,23,0.01,0,943.77,"25,991",943.77,"25,991",10645.15,-,886.82,-,9758.33,-,16709.14,-,13409.30,-,3299.84,-,2.59,-,2.23,-,0.36,-,14.96,-,80.94,-,56.88,-,2720.15,-
May-2023,4.03,"2,25,37,634",1.63,"1,52,27,196",0.98,"13,26,724",0.45,"77,32,270",0.20,"61,68,201",2.23,"61,89,356",0.17,"11,21,082",220.46,"1,28,82,587",219.21,"1,14,13,321",1.25,"14,69,266",107130.93,"51,96,720",0.34,23,1838.94,"31,424",-,-,5015.49,"5,27,558",1227.66,"1,22,239",4896.66,"30,26,331",94151.85,"14,89,145",1.75,21,1457.43,"1,25,654",15.45,535,-,-,1288.88,"1,24,864",153.10,256,4974.51,"1,93,436",2734.74,"1,40,660",1419.98,"50,811",1314.76,"89,849",2239.77,"52,776",1592.87,"35,589",646.89,"17,187",7064.30,"24,240",5669.85,"20,339",1394.45,"3,901",721.63,"1,190",672.82,"2,711",572.39,"6,27,772",572.39,"6,27,772",0.00,0,121199.56,"61,67,822",121420.02,"1,90,50,409",120847.63,"1,84,22,637",87100.70,"22,68,479",6127.73,"4,24,314",80972.97,"18,44,165",3598.99,"78,00,962",916.90,"41,16,658",2682.09,"36,84,304",5694.72,"2,79,621",7.73,366,5655.91,"2,78,080",31.09,"1,175",2.33,23,2.31,23,0.02,0,979.64,"27,469",979.64,"27,469",10616.74,-,877.47,-,9739.26,-,16638.55,-,13373.56,-,3264.98,-,2.56,-,2.20,-,0.36,-,14.66,-,79.61,-,55.45,-,2667.57,-
Apr-2023,3.21,"2,01,15,131",1.32,"1,30,93,142",0.79,"11,58,660",0.36,"66,33,808",0.17,"53,00,674",1.79,"64,50,151",0.09,"5,71,838",201.57,"1,18,76,806",200.44,"1,04,52,024",1.13,"14,24,781",100492.45,"48,34,441",0.36,25,1066.77,"19,744",-,-,4957.93,"5,21,050",1009.42,"1,17,079",4825.37,"27,61,038",88632.60,"14,15,505",1.64,19,1398.58,"1,20,185",16.09,604,-,-,1242.93,"1,19,338",139.56,243,4887.94,"1,87,396",2592.55,"1,32,769",1408.20,"51,624",1184.35,"81,144",2295.38,"54,627",1633.96,"37,647",661.43,"16,980",6442.16,"22,634",5153.28,"18,901",1288.88,"3,733",676.69,"1,079",612.19,"2,653",554.06,"6,39,281",554.06,"6,39,281",0.00,0,113775.18,"58,03,936",113976.75,"1,76,80,742",113422.69,"1,70,41,461",83357.17,"21,54,813",5789.55,"4,02,248",77567.62,"17,52,564",3406.05,"70,36,658",855.07,"37,13,764",2550.98,"33,22,894",5707.20,"2,82,873",7.49,357,5667.31,"2,81,248",32.40,"1,269",2.11,21,2.09,21,0.02,0,998.82,"28,954",998.82,"28,954",10535.25,0,865.13,0,9670.12,0,16585.84,0,13338.66,0,3247.17,0,2.55,0,2.19,0,0.36,0,14.28,0,78.37,0,54.36,0,2609.08,0
Mar-2023,3.66,"2,24,58,408",1.25,"1,42,69,424",0.65,"9,52,079",0.40,"66,82,508",0.20,"66,34,836",2.28,"73,29,087",0.13,"8,59,897",248.01,"1,61,22,902",246.66,"1,44,16,322",1.35,"17,06,580",100851.12,"59,06,936",0.36,24,1932.07,"26,400",-,-,4970.56,"5,46,235",1962.73,"1,78,757",5469.06,"37,50,569",86516.34,"14,04,951",1.50,18,1403.39,"1,26,113",12.92,492,-,-,1246.53,"1,25,376",143.94,246,5016.79,"1,91,035",2634.29,"1,37,311",1404.60,"50,920",1229.69,"86,391",2382.50,"53,724",1652.35,"35,222",730.15,"18,502",6402.38,"24,005",5183.32,"19,681",1219.06,"4,324",705.70,"1,041",513.36,"3,283",642.76,"7,06,181",642.76,"7,06,181",0.00,0,114316.43,"69,54,270",114564.44,"2,30,77,172",113921.68,"2,23,70,991",81648.69,"22,50,094",5868.83,"4,36,885",75779.86,"18,13,209",3879.51,"89,81,727",987.21,"47,69,894",2892.30,"42,11,833",5921.72,"2,86,762",8.26,402,5878.89,"2,84,949",34.56,"1,411",2.32,23,2.31,23,0.02,0,1083.61,"30,015",1083.61,"30,015",10465.62,0,853.03,0,9612.59,0,16185.22,0,13384.65,0,2800.57,0,2.59,0,2.23,0,0.36,0,16.11,0,77.90,0,53.82,0,2563.77,0
Feb-2023,3.51,"2,22,81,370",1.27,"1,48,88,685",0.68,"8,95,740",0.38,"64,36,404",0.21,"75,56,541",2.11,"66,02,897",0.13,"7,89,788",200.50,"1,20,53,579",199.35,"1,05,66,198",1.14,"14,87,381",88539.09,"46,47,461",0.31,22,2519.89,"35,468",-,-,4478.13,"4,68,647",1517.57,"1,31,505",4675.61,"27,75,972",75347.57,"12,35,847",1.51,17,1359.79,"1,15,272",11.50,454,-,-,1209.13,"1,14,587",139.16,231,4588.51,"1,68,378",2323.20,"1,18,684",1255.88,"44,611",1067.32,"74,073",2265.31,"49,693",1581.95,"33,432",683.36,"16,261",6050.89,"22,399",4929.04,"18,356",1121.85,"4,043",63.07,792,1058.78,"3,251",553.90,"5,65,690",553.90,"5,65,690",0.00,0,101092.17,"55,19,200",101292.67,"1,75,72,779",100738.77,"1,70,07,089",72542.86,"19,30,129",5107.77,"3,53,815",67435.09,"15,76,314",3319.04,"73,80,904",834.55,"41,72,937",2484.49,"32,07,966",5472.33,"2,63,681",7.39,358,5433.46,"2,62,098",31.47,"1,225",2.17,21,2.16,21,0.01,0,918.44,"25,483",918.44,"25,483",10374.87,0,833.66,0,9541.22,0,16109.65,0,13335.10,0,2774.55,0,2.57,0,2.21,0,0.36,0,15.59,0,77.58,0,52.22,0,2500.89,0
Jan-2023,3.66,"2,15,71,346",1.17,"1,43,83,734",0.60,"7,85,714",0.35,"55,56,922",0.21,"80,41,098",2.40,"65,53,596",0.10,"6,34,016",204.18,"1,25,46,467",202.99,"1,10,28,450",1.19,"15,18,016",92396.07,"47,38,328",0.32,23,1112.35,"19,956",-,-,4745.08,"4,77,491",1354.13,"1,31,620",4798.31,"28,10,180",80385.88,"12,99,059",1.79,19,1360.36,"1,15,658",13.01,468,-,-,1202.79,"1,14,953",144.56,236,5103.61,"1,83,460",2593.52,"1,27,682",1409.19,"48,934",1184.33,"78,748",2510.09,"55,778",1742.51,"37,520",767.59,"18,258",6129.40,"22,193",4873.96,"17,899",1255.44,"4,294",64.59,774,1190.86,"3,520",573.18,"5,70,639",573.18,"5,70,639",0.00,0,105562.62,"56,30,279",105766.80,"1,81,76,745",105193.62,"1,76,06,106",75947.75,"19,62,895",4884.25,"3,45,334",71063.50,"16,17,561",3544.67,"73,27,328",889.79,"40,89,462",2654.88,"32,37,866",5750.37,"2,72,142",8.13,385,5709.48,"2,70,595",32.76,"1,161",2.44,24,2.42,24,0.02,0,963.46,"26,203",963.46,"26,203",10280.33,0,824.52,0,9455.81,0,16029.29,0,13244.34,0,2784.95,0,2.58,0,2.21,0,0.37,0,14.75,0,76.57,0,50.57,0,2442.34,0
Dec-2022,3.42,"2,23,26,077",1.19,"1,51,44,169",0.60,"7,11,065",0.36,"61,25,370",0.23,"83,07,734",2.16,"66,70,289",0.07,"5,11,620",215.03,"1,37,36,057",213.80,"1,21,80,091",1.23,"15,55,966",90675.95,"49,28,331",0.32,21,1157.66,"20,670",-,-,4858.37,"4,86,552",1515.84,"1,57,435",4854.81,"29,81,681",78288.95,"12,81,971",1.92,19,1357.72,"1,16,425",12.71,446,-,-,1198.55,"1,15,737",146.46,242,5223.57,"1,85,150",2556.47,"1,26,524",1405.79,"48,611",1150.68,"77,913",2667.10,"58,626",1859.33,"39,574",807.77,"19,052",6354.65,"22,648",5012.71,"18,400",1341.94,"4,248",61.58,722,1280.37,"3,527",608.14,"6,19,903",608.14,"6,19,903",0.00,0,104220.03,"58,72,457",104435.06,"1,96,08,515",103826.92,"1,89,88,611",74415.83,"19,91,763",5560.78,"3,75,775",68855.05,"16,15,988",3661.95,"85,44,692",949.91,"49,26,079",2712.04,"36,18,612",5891.78,"2,80,465",8.13,392,5850.33,"2,78,927",33.33,"1,146",2.37,23,2.36,23,0.02,0,934.53,"25,484",934.53,"25,484",10206.53,0,811.87,0,9394.66,0,16234.69,0,13346.64,0,2888.05,0,2.57,0,2.20,0,0.37,0,14.19,0,75.50,0,49.59,0,2361.82,0
Nov-2022,3.67,"2,24,88,758",1.26,"1,54,57,897",0.66,"7,59,097",0.36,"60,39,868",0.23,"86,58,933",2.33,"65,77,286",0.08,"4,53,575",206.46,"1,22,91,749",205.30,"1,06,91,727",1.16,"16,00,022",84557.58,"45,27,540",0.51,29,1065.62,"9,460",-,-,4634.80,"4,54,679",1373.88,"1,41,901",4388.30,"27,30,878",73094.47,"11,90,593",1.79,19,1316.60,"1,10,181",14.52,475,-,-,1164.17,"1,09,479",137.91,227,4956.02,"1,70,388",2347.73,"1,14,794",1275.99,"43,456",1071.74,"71,338",2608.28,"55,594",1779.46,"37,238",828.82,"18,355",6075.20,"22,808",4730.07,"17,342",1345.14,"5,466",77.72,"1,039",1267.42,"4,428",592.55,"5,85,389",592.55,"5,85,389",0.00,0,97497.95,"54,16,306",97704.41,"1,77,08,056",97111.86,"1,71,22,666",70188.36,"18,74,436",5342.59,"3,55,045",64845.77,"15,19,391",3486.07,"77,86,127",870.33,"46,06,598",2615.74,"31,79,529",5608.38,"2,65,636",7.59,367,5568.42,"2,64,180",32.36,"1,089",2.29,22,2.26,22,0.02,0,944.92,"25,541",944.92,"25,541",10283.35,0,806.06,0,9477.29,0,16098.32,0,13269.83,0,2828.48,0,2.55,0,2.20,0,0.36,0,13.34,0,73.52,0,48.25,0,2302.87,0
Oct-2022,3.06,"2,08,87,702",1.07,"1,38,63,316",0.54,"6,72,816",0.31,"52,77,168",0.22,"79,13,333",1.90,"65,14,292",0.08,"5,10,094",190.34,"1,15,51,277",189.18,"1,00,15,711",1.15,"15,35,565",85748.55,"45,57,107",0.56,31,1843.72,"25,462",-,-,4824.59,"4,66,082",1454.99,"1,27,118",4570.48,"27,26,827",73054.21,"12,11,588",1.26,15,1297.79,"1,06,956",19.99,604,-,-,1139.92,"1,06,131",137.88,221,5516.40,"1,95,998",2554.02,"1,29,048",1400.51,"51,183",1153.51,"77,865",2962.38,"66,950",2045.27,"46,016",917.10,"20,934",6167.35,"24,296",4877.04,"18,450",1290.31,"5,846",83.89,"1,169",1206.42,"4,677",561.89,"5,49,637",561.89,"5,49,637",0.00,0,99291.97,"54,33,995",99482.31,"1,69,85,272",98920.42,"1,64,35,635",70328.74,"18,76,993",5473.11,"3,51,669",64855.62,"15,25,324",3619.15,"71,72,840",873.32,"41,26,602",2745.82,"30,46,239",6124.46,"2,92,144",7.67,375,6078.30,"2,90,557",38.48,"1,212",2.14,21,2.11,21,0.03,0,1156.16,"30,463",1156.16,"30,463",10235.99,0,793.68,0,9442.32,0,15985.59,0,13195.92,0,2789.67,0,2.55,0,2.20,0,0.35,0,12.91,0,72.11,0,47.19,0,2253.23,0
Sep-2022,3.97,"2,43,21,858",1.51,"1,60,60,463",0.86,"10,27,326",0.36,"60,14,630",0.30,"90,18,508",2.34,"74,99,481",0.11,"7,61,914",198.30,"1,37,89,637",197.10,"1,20,94,321",1.20,"16,95,316",79564.56,"46,21,357",0.55,32,1170.40,"12,805",-,-,4622.31,"4,54,451",1630.85,"1,14,718",4332.45,"29,22,913",67808.00,"11,16,438",1.47,17,1257.34,"1,06,118",16.35,516,-,-,1114.09,"1,05,390",126.90,211,5352.43,"1,83,298",2453.06,"1,22,094",1311.63,"44,969",1141.43,"77,125",2899.38,"61,204",1887.58,"38,093",1011.80,"23,111",6048.61,"24,090",4706.99,"17,915",1341.62,"6,175",79.41,"1,172",1262.21,"5,004",603.84,"5,90,573",603.84,"5,90,573",0.00,0,92826.78,"55,25,435",93025.08,"1,93,15,072",92421.24,"1,87,24,499",65660.55,"17,91,834",5133.31,"3,48,494",60527.24,"14,43,340",3576.41,"84,23,481",918.60,"49,85,305",2657.81,"34,38,176",5725.73,"2,65,243",7.22,351,5684.15,"2,63,765",34.36,"1,127",2.71,34,2.67,34,0.04,0,1004.99,"26,097",1004.99,"26,097",10162.40,0,777.02,0,9385.38,0,15860.18,0,13106.33,0,2753.84,0,2.55,0,2.20,0,0.35,0,12.43,0,70.35,0,48.64,0,2164.30,0
Aug-2022,3.30,"2,00,28,644",1.33,"1,34,93,765",0.75,"8,88,832",0.32,"52,51,883",0.25,"73,53,051",1.89,"59,70,122",0.09,"5,64,757",188.08,"1,16,65,583",186.92,"1,02,74,480",1.16,"13,91,103",77757.95,"42,88,963",0.54,30,1162.46,"9,662",-,-,4669.09,"4,45,989",1940.04,"1,28,480",4166.76,"26,31,639",65819.06,"10,73,162",1.63,17,1247.15,"1,02,824",17.57,516,-,-,1097.38,"1,02,100",132.20,209,5481.30,"1,74,516",2447.83,"1,12,358",1330.54,"44,943",1117.30,"67,414",3033.47,"62,159",2009.83,"40,552",1023.64,"21,606",6177.69,"24,625",4877.42,"18,495",1300.27,"6,131",83.90,"1,177",1216.37,"4,953",576.17,"5,47,503",576.17,"5,47,503",0.00,0,91240.25,"51,38,432",91428.33,"1,68,04,015",90852.16,"1,62,56,512",65313.24,"17,42,250",6590.62,"3,63,857",58722.63,"13,78,393",3529.19,"73,42,636",932.41,"43,04,970",2596.78,"30,37,666",5766.61,"2,68,788",7.46,359,5723.84,"2,67,289",35.31,"1,141",2.19,21,2.16,21,0.03,0,1061.82,"26,193",1061.82,"26,193",10130.17,0,779.91,0,9350.26,0,15679.00,0,12948.75,0,2730.25,0,2.54,0,2.20,0,0.34,0,11.71,0,70.58,0,47.49,0,2092.54,0
Jul-2022,3.39,"2,11,26,044",1.33,"1,42,18,681",0.71,"8,51,204",0.34,"57,64,070",0.28,"76,03,407",1.93,"62,72,728",0.13,"6,34,635",189.26,"1,15,51,440",188.06,"99,27,091",1.20,"16,24,349",74673.64,"42,67,239",0.68,40,1259.99,"12,511",-,-,4608.30,"4,44,541",1892.88,"1,19,677",4018.39,"26,27,354",62893.40,"10,63,117",1.62,18,1217.97,"1,00,581",21.26,621,-,-,1067.05,"99,754",129.66,207,5481.80,"1,80,371",2348.34,"1,15,856",1220.69,"41,767",1127.64,"74,089",3133.47,"64,515",2052.26,"41,198",1081.20,"23,317",6195.34,"25,309",4855.87,"18,775",1339.48,"6,534",85.43,"1,285",1254.05,"5,250",588.67,"5,79,381",588.67,"5,79,381",0.00,0,88157.42,"51,52,881",88346.69,"1,67,04,320",87758.02,"1,61,24,940",61437.98,"16,99,580",4902.43,"3,24,003",56535.55,"13,75,577",3756.52,"73,87,328",934.78,"44,50,729",2821.73,"29,36,599",5777.88,"2,72,103",6.95,342,5735.52,"2,70,609",35.42,"1,152",2.26,22,2.25,22,0.01,0,1082.22,"29,517",1082.22,"29,517",10083.90,-,802.56,0,9281.34,-,15621.99,-,12922.65,0,2699.35,-,2.54,0,2.20,0,0.34,0,11.36,-,68.19,0,45.21,0,2013.02,-
Jun-2022,3.42,"2,29,12,930",1.32,"1,54,45,511",0.68,"8,44,409",0.34,"56,27,915",0.30,"89,73,188",1.97,"67,78,125",0.13,"6,89,294",194.42,"1,23,56,054",193.18,"1,08,40,909",1.24,"15,15,145",69921.27,"42,98,158",0.62,37,1222.24,"23,010",-,-,4557.01,"4,43,776",1489.99,"1,00,909",4022.33,"27,16,013",58629.08,"10,14,413",0.99,12,1225.96,"1,00,325",39.82,"1,049",-,-,1048.14,"99,060",138.00,216,5369.44,"1,69,636",2279.46,"1,08,752",1210.51,"40,466",1068.95,"68,286",3089.99,"60,885",2012.27,"39,871",1077.72,"21,014",6258.03,"24,738",4979.19,"18,488",1278.83,"6,250",87.22,"1,301",1191.62,"4,949",593.73,"5,93,185",593.73,"5,93,185",0.00,0,83368.42,"51,86,043",83562.84,"1,75,42,096",82969.11,"1,69,48,911",55965.36,"16,31,824",4309.58,"3,05,197",51655.77,"13,26,627",3572.22,"82,64,386",870.16,"51,47,947",2702.06,"31,16,439",5730.78,"2,71,367",6.79,336,5690.79,"2,69,935",33.20,"1,096",2.30,22,2.27,22,0.03,0,1167.16,"31,318",1167.16,"31,318",9941.74,0,787.23,0,9154.51,0,15608.66,0,12932.46,0,2676.20,0,2.53,0,2.20,0,0.33,0,10.72,0,65.91,0,42.80,0,1952.91,0
May-2022,3.32,"1,97,42,339",1.23,"1,31,10,275",0.66,"8,32,089",0.31,"49,40,038",0.26,"73,38,148",1.98,"60,39,213",0.11,"5,92,851",195.72,"1,11,83,947",194.53,"98,51,274",1.19,"13,32,673",72187.50,"41,77,865",0.58,36,2268.03,"41,011",-,-,4848.13,"4,52,328",1794.53,"97,341",3813.34,"25,46,928",59462.89,"10,40,221",1.00,14,1177.32,"95,542",17.81,571,-,-,1018.05,"94,752",141.46,218,5693.68,"1,79,494",2378.03,"1,13,694",1220.26,"42,266",1157.77,"71,428",3315.65,"65,800",2150.28,"44,273",1165.37,"21,527",6529.11,"25,698",5198.06,"19,616",1331.05,"6,082",92.80,"1,336",1238.25,"4,746",590.44,"5,94,562",590.44,"5,94,562",0.00,0,86178.05,"50,73,161",86373.77,"1,62,57,107",85783.33,"1,56,62,546",57896.19,"16,72,651",4617.48,"3,18,546",53278.71,"13,54,105",3015.15,"57,07,944",675.57,"36,28,328",2339.58,"20,79,615",5868.45,"2,80,267",6.64,328,5829.01,"2,78,833",32.79,"1,106",2.23,22,2.20,22,0.03,0,1073.66,"29,828",1073.66,"29,828",9944.98,0,768.77,0,9176.21,0,15591.10,0,12884.13,0,2706.97,0,2.52,0,2.20,0,0.32,0,10.13,0,61.69,0,41.38,0,1881.16,0
Apr-2022,3.06,"1,86,51,860",1.08,"1,19,15,370",0.59,"8,70,328",0.25,"43,15,711",0.23,"67,29,332",1.87,"61,24,936",0.11,"6,11,554",195.32,"1,10,97,594",194.11,"97,80,600",1.21,"13,16,994",66747.57,"40,50,335",0.55,33,1119.53,"11,118",0.00,0,4716.26,"4,44,670",1329.76,"1,12,354",3737.59,"24,98,587",55843.88,"9,83,573",0.86,12,1121.68,"93,616",16.76,580,-,-,996.72,"92,902",108.20,135,5541.17,"1,70,521",2229.30,"1,05,459",1152.87,"39,807",1076.43,"65,652",3311.87,"65,062",2131.77,"43,530",1180.10,"21,532",6455.19,"25,317",5036.17,"19,360",1419.02,"5,957",169.32,"3,187",1249.70,"2,770",624.01,"6,70,260",624.01,"6,70,260",0.00,0,80489.63,"50,10,048",80684.95,"1,61,07,643",80060.94,"1,54,37,383",53992.68,"16,07,179",4515.85,"3,12,810",49476.83,"12,94,370",3670.77,"72,19,903",967.14,"42,97,281",2703.63,"29,22,622",5830.37,"2,86,411",6.12,303,5792.97,"2,85,011",31.28,"1,097",2.32,22,2.24,22,0.08,1,984.19,"27,824",984.19,"27,824",9956.84,0,751.66,0,9205.18,0,15553.36,0,12865.09,0,2688.28,0,2.51,0,2.19,0,0.32,0,9.48,0,61.26,0,40.90,0,1807.21,0
Mar-2022,3.25,"2,05,88,727",1.04,"1,36,82,354",0.46,"6,60,443",0.30,"53,41,282",0.27,"76,80,629",2.11,"62,32,193",0.11,"6,74,180",230.04,"1,44,58,955",228.68,"1,30,69,669",1.36,"13,89,286",66517.82,"50,62,466",0.56,35,1400.66,"15,565",0.00,0,4920.01,"4,62,279",1825.88,"1,31,428",4314.20,"34,92,578",54056.51,"9,60,582",0.91,12,1136.67,"98,645",19.47,640,-,-,979.27,"97,801",137.93,204,5512.70,"1,71,159",2237.51,"1,07,107",1134.33,"38,777",1103.18,"68,330",3275.19,"64,052",2078.45,"40,770",1196.73,"23,282",6469.96,"25,615",5016.86,"20,054",1453.10,"5,561",164.77,"2,860",1288.34,"2,701",702.93,"6,94,335",702.93,"6,94,335",0.00,0,80340.08,"60,52,221",80570.12,"2,05,11,176",79867.19,"1,98,16,841",57121.32,"16,48,626",4218.03,"2,98,559",52903.29,"13,50,067",3924.86,"88,50,603",962.84,"53,41,587",2962.02,"35,09,016",5966.82,"2,87,373",6.80,344,5927.87,"2,85,893",32.15,"1,137",2.30,22,2.21,21,0.09,0,1032.68,"28,479",1032.68,"28,479",9912.93,-,736.27,-,9176.66,-,15538.22,-,12787.93,-,2750.30,-,2.52,-,2.20,-,0.31,-,9.16,-,60.70,-,49.72,-,1727.34,-
Feb-2022,2.92,"1,79,94,586",1.10,"1,29,14,111",0.58,"7,21,038",0.25,"42,21,392",0.27,"79,71,681",1.73,"45,40,145",0.10,"5,40,330",180.29,"1,03,24,618",179.15,"92,77,356",1.13,"10,47,262",55305.52,"38,06,484",0.51,28,651.67,"13,152",0.00,0,4209.31,"3,84,404",1536.56,"1,04,998",3632.58,"24,77,059",45274.89,"8,26,843",0.68,10,1089.30,"90,746",15.23,506,-,-,948.20,"90,056",125.87,184,4840.47,"1,43,111",1884.24,"86,041",963.40,"32,500",920.84,"53,541",2956.23,"57,070",1845.45,"36,376",1110.78,"20,694",5551.16,"22,923",4386.09,"17,259",1165.07,"5,664",126.61,"3,360",1038.46,"2,304",581.98,"6,15,321",581.98,"6,15,321",0.00,0,67368.43,"46,78,585",67548.71,"1,50,03,203",66966.73,"1,43,87,882",48292.44,"13,91,254",3626.98,"2,46,931",44665.47,"11,44,324",3274.19,"67,92,274",780.51,"41,69,926",2493.68,"26,22,349",5296.66,"2,56,463",5.29,264,5263.17,"2,55,218",28.20,981,2.19,20,2.15,20,0.04,0,928.46,"24,975",928.46,"24,975",10067.74,-,717.08,-,9350.66,-,15652.06,-,12942.28,-,2709.78,-,2.47,-,2.16,-,0.31,-,8.51,-,58.34,-,48.27,-,1600.19,-
Jan-2022,2.54,"1,78,39,802",0.93,"1,28,92,869",0.40,"5,69,722",0.26,"43,48,558",0.28,"79,74,589",1.52,"44,70,518",0.09,"4,76,415",181.29,"1,04,49,109",180.08,"92,85,159",1.21,"11,63,950",57367.30,"38,06,628",0.55,29,1111.28,"18,101",0.00,0,4401.73,"3,87,007",2053.15,"1,26,812",3629.03,"24,42,686",46171.56,"8,31,993",0.81,11,1059.01,"91,554",24.47,728,-,-,934.07,"90,703",100.47,123,5151.05,"1,47,794",1958.05,"87,769",960.63,"32,735",997.43,"55,034",3193.00,"60,025",1924.51,"37,274",1268.48,"22,752",5807.67,"24,796",4613.76,"19,789",1193.91,"5,007",117.57,"2,368",1076.35,"2,639",596.99,"5,57,721",596.99,"5,57,721",0.00,0,69982.02,"46,28,493",70163.31,"1,50,77,603",69566.32,"1,45,19,881",49905.88,"14,18,856",3879.91,"2,50,455",46025.97,"11,68,401",3564.14,"74,13,832",833.10,"47,18,914",2731.05,"26,94,918",5554.51,"2,62,384",5.49,269,5519.66,"2,61,124",29.36,990,2.13,20,2.08,20,0.05,0,1125.54,"28,582",1125.54,"28,582",10111.81,-,702.52,-,9409.29,-,15389.63,-,12722.56,-,2667.07,-,2.46,-,2.16,-,0.30,-,7.78,-,56.20,-,46.97,-,1521.05,-
Dec-2021,3.13,"2,07,03,988",1.10,"1,48,01,512",0.48,"6,51,103",0.30,"50,75,401",0.31,"90,75,009",1.96,"55,16,604",0.07,"3,85,873",192.78,"1,29,66,991",191.50,"1,14,18,233",1.29,"15,48,758",56422.79,"40,76,395",0.65,36,1082.20,"14,987",0.00,0,4429.86,"3,96,411",1483.71,"1,13,132",3763.38,"27,24,980",45662.99,"8,26,848",1.12,16,1064.54,"91,163",19.59,611,-,-,937.92,"90,426",107.03,126,5611.80,"1,60,398",2112.59,"93,907",1093.48,"36,713",1019.10,"57,195",3499.21,"66,491",2202.51,"43,062",1296.71,"23,429",7008.04,"25,878",5659.18,"21,195",1348.86,"4,683",99.63,"1,893",1249.23,"2,790",660.33,"6,40,955",660.33,"6,40,955",0.00,0,70767.50,"49,94,790",70960.28,"1,79,61,781",70299.95,"1,73,20,825",49877.80,"14,33,961",3927.19,"2,54,443",45950.61,"11,79,518",3602.61,"86,11,529",848.36,"56,90,977",2754.25,"29,20,552",5923.80,"2,80,371",5.90,295,5889.14,"2,79,100",28.76,977,3.78,35,3.71,35,0.07,0,940.20,"25,208",940.20,"25,208",10066.90,-,689.49,-,9377.42,-,15111.90,-,12511.00,-,2600.90,-,2.45,-,2.15,-,0.30,-,7.27,-,54.98,-,46.47,-,1440.10,-
Nov-2021,2.56,"1,73,64,382",0.97,"1,22,29,072",0.46,"6,17,831",0.26,"42,73,958",0.25,"73,37,283",1.53,"48,16,873",0.06,"3,18,437",172.14,"1,09,81,778",170.95,"95,89,985",1.19,"13,91,793",51880.87,"35,54,896",0.62,35,1119.16,"9,750",0.00,0,4120.29,"3,64,672",1382.00,"97,513",3394.00,"23,14,490",41864.80,"7,68,436",1.00,15,1039.13,"87,111",19.78,536,-,-,907.32,"86,417",112.03,158,5418.18,"1,56,326",2011.16,"89,217",1068.93,"37,499",942.23,"51,718",3407.02,"67,109",2112.05,"43,751",1294.97,"23,358",6107.05,"24,885",4870.19,"21,041",1236.87,"3,844",74.48,"1,287",1162.38,"2,557",577.00,"5,33,223",577.00,"5,33,223",0.00,0,65022.23,"43,56,441",65194.37,"1,53,38,219",64617.37,"1,48,04,996",45548.53,"13,24,008",3732.97,"2,39,989",41815.57,"10,84,018",3326.62,"70,17,995",790.01,"44,64,330",2536.61,"25,53,664",5687.57,"2,71,730",5.45,276,5653.68,"2,70,515",28.44,939,4.82,63,4.14,39,0.68,24,925.63,"25,112",925.63,"25,112",10015.90,-,675.83,-,9340.07,-,14832.43,-,12318.18,-,2514.26,-,2.42,-,2.13,-,0.29,-,6.93,-,52.92,-,45.41,-,1373.33,-
Oct-2021,2.85,"1,66,00,978",1.04,"1,14,15,739",0.55,"7,45,937",0.25,"38,22,009",0.23,"68,47,793",1.73,"47,36,040",0.08,"4,49,200",184.11,"1,01,34,368",182.90,"89,56,918",1.22,"11,77,450",52919.52,"37,48,602",0.86,49,1192.91,"7,519",0.00,0,4306.71,"3,70,712",1660.26,"1,22,519",3574.46,"24,76,397",42184.32,"7,71,407",1.11,16,979.36,"85,776",21.49,560,-,-,865.69,"85,103",92.18,114,6008.76,"1,77,413",2155.81,"1,00,943",1075.23,"38,442",1080.58,"62,500",3852.95,"76,471",2302.56,"47,226",1550.39,"29,245",6130.90,"25,757",4888.97,"21,702",1241.93,"4,055",64.58,998,1177.35,"3,057",635.20,"5,82,604",635.20,"5,82,604",0.00,0,66673.75,"46,20,153",66857.86,"1,47,54,521",66222.66,"1,41,71,917",45884.20,"13,53,833",3761.40,"2,43,728",42122.80,"11,10,105",3698.37,"66,25,146",861.85,"39,69,765",2836.52,"26,55,382",6032.74,"2,89,887",5.64,286,5998.03,"2,88,605",29.07,997,5.34,64,4.44,39,0.90,25,946.33,"24,799",946.33,"24,799",9991.95,-,663.61,-,9328.34,-,14450.87,-,12025.10,-,2425.77,-,2.41,-,2.13,-,0.28,-,6.71,-,51.55,-,44.35,-,1285.05,-
Sep-2021,3.21,"1,66,83,094",1.37,"1,14,04,584",0.90,"11,27,485",0.25,"38,85,956",0.22,"63,91,143",1.77,"48,26,170",0.07,"4,52,340",174.57,"1,10,69,631",173.33,"98,38,858",1.24,"12,30,773",45720.72,"34,95,969",0.98,57,781.62,"6,199",0.00,0,3848.84,"3,24,096",1171.57,"91,281",3359.54,"24,19,688",36558.17,"6,54,648",1.14,16,987.44,"84,660",19.39,440,-,-,878.31,"84,068",89.74,152,5337.50,"1,42,817",1847.21,"80,228",961.53,"31,743",885.68,"48,485",3490.29,"62,589",2053.00,"38,591",1437.29,"23,998",5292.53,"24,482",4242.67,"20,230",1049.86,"4,252",133.71,995,916.15,"3,257",624.10,"5,66,468",624.10,"5,66,468",0.00,0,57962.28,"43,14,396",58136.85,"1,53,84,027",57512.75,"1,48,17,559",39989.49,"11,78,882",3358.50,"2,18,049",36630.99,"9,60,832",3654.70,"68,35,253",844.23,"42,13,809",2810.47,"26,21,444",5540.66,"2,57,941",4.98,249,5508.82,"2,56,767",26.86,925,5.90,64,5.08,40,0.82,23,888.88,"22,793",888.88,"22,793",9844.09,-,650.25,-,9193.84,-,13979.08,-,11714.34,-,2264.74,-,2.41,-,2.13,-,0.28,-,6.50,-,49.77,-,43.74,-,1205.19,-
Aug-2021,2.51,"1,53,62,952",0.96,"1,03,88,877",0.50,"7,30,532",0.24,"34,79,766",0.22,"61,78,579",1.48,"45,99,545",0.06,"3,74,530",166.52,"1,01,64,296",165.34,"89,40,380",1.18,"12,23,916",45370.66,"32,77,624",1.05,61,722.32,"10,305",0.00,0,3797.12,"3,20,203",2075.99,"98,119",3218.73,"22,09,818",35555.45,"6,39,117",1.14,17,1008.32,"85,436",21.99,462,-,-,876.81,"84,818",109.52,155,5493.00,"1,42,600",1904.71,"77,733",984.62,"32,969",920.08,"44,764",3588.29,"64,867",2119.63,"41,177",1468.66,"23,690",5259.90,"22,362",4227.08,"17,746",1032.82,"4,617",132.27,"1,110",900.54,"3,507",588.62,"5,33,903",588.62,"5,33,903",0.00,0,57720.50,"40,61,924",57887.02,"1,42,26,220",57298.40,"1,36,92,317",39029.40,"11,36,503",3244.29,"2,01,774",35785.12,"9,34,729",3569.54,"65,44,363",813.52,"40,87,354",2756.02,"24,57,008",5684.73,"2,62,881",5.02,248,5652.37,"2,61,683",27.35,949,6.52,64,5.50,42,1.02,22,1061.82,"26,830",1061.82,"26,830",9771.97,-,639.34,-,9132.63,-,13682.92,-,11510.97,-,2171.94,-,2.41,-,2.14,-,0.27,-,6.31,-,48.16,-,43.52,-,1142.06,-
Jul-2021,2.68,"1,67,98,812",0.98,"1,10,96,031",0.50,"7,44,621",0.25,"38,02,644",0.24,"65,48,766",1.64,"52,90,626",0.07,"4,12,155",167.65,"1,07,41,314",166.43,"92,88,984",1.22,"14,52,331",41372.72,"32,15,234",1.03,61,1047.34,"7,981",0.00,0,3524.64,"3,11,310",1174.68,"85,697",3170.00,"22,04,303",32455.02,"6,05,883",1.08,16,986.32,"86,503",17.49,414,-,-,877.08,"85,980",91.75,109,5225.86,"1,35,972",1820.49,"74,885",900.27,"30,498",920.21,"44,387",3405.37,"61,087",1901.64,"36,764",1503.73,"24,324",4958.99,"20,587",4068.85,"16,624",890.14,"3,963",73.49,893,816.64,"3,070",596.11,"5,53,256",596.11,"5,53,256",0.00,0,53139.99,"40,11,553",53307.64,"1,47,52,867",52711.53,"1,41,99,611",36837.05,"11,37,233",3133.94,"2,10,685",33703.12,"9,26,547",3483.06,"68,20,724",827.98,"42,93,973",2655.07,"25,26,752",5374.82,"2,54,886",4.74,235,5344.70,"2,53,780",25.38,871,7.45,62,6.15,43,1.30,19,869.89,"22,973",869.89,"22,973",9690.43,-,634.14,-,9056.29,-,13176.84,-,11032.89,-,2143.95,-,2.40,-,2.13,-,0.27,-,6.11,-,46.08,-,42.51,-,1078.80,-
Jun-2021,2.90,"1,71,44,527",1.01,"1,13,17,988",0.51,"7,74,292",0.27,"46,53,921",0.23,"58,89,775",1.82,"54,08,999",0.07,"4,17,541",154.14,"1,01,96,989",152.92,"88,87,546",1.22,"13,09,444",36684.40,"30,29,728",1.06,64,1148.34,"8,143",0.00,0,3038.45,"2,84,111",1498.12,"92,266",2923.27,"20,97,771",28075.16,"5,47,373",1.03,16,981.70,"86,759",17.66,417,-,-,878.73,"86,215",85.31,128,4493.75,"1,13,790",1547.01,"62,746",690.40,"23,977",856.61,"38,769",2946.74,"51,044",1505.09,"28,743",1441.65,"22,300",4585.92,"18,657",3906.02,"15,849",679.91,"2,808",50.54,667,629.36,"2,140",511.38,"4,77,430",511.38,"4,77,430",0.00,0,47257.15,"37,26,363",47411.29,"1,39,23,352",46899.91,"1,34,45,923",32127.11,"10,33,735",2829.58,"1,96,264",29297.53,"8,37,471",3063.00,"67,17,057",704.65,"43,55,719",2358.36,"23,61,338",4758.35,"2,29,638",4.31,219,4732.04,"2,28,681",22.00,738,7.87,59,7.03,44,0.84,15,856.89,"24,187",856.89,"24,187",9684.46,-,628.15,-,9056.31,-,12935.33,-,10848.95,-,2086.38,-,2.40,-,2.14,-,0.26,-,5.91,-,45.93,-,40.83,-,1026.76,-
May-2021,2.08,"1,46,52,880",0.89,"99,66,087",0.47,"7,10,624",0.23,"42,80,973",0.19,"49,74,490",1.14,"44,24,858",0.05,"2,61,935",123.34,"83,66,599",122.28,"72,11,162",1.07,"11,55,437",33866.21,"27,07,637",0.95,59,1343.10,"16,261",0.00,0,2798.61,"2,66,289",1866.34,"1,16,463",2565.39,"18,19,459",25291.82,"4,89,106",1.01,16,936.41,"70,589",17.29,422,-,-,857.30,"70,069",61.82,98,3901.33,"95,239",1344.73,"52,014",509.46,"18,477",835.27,"33,537",2556.60,"43,225",1127.84,"22,195",1428.76,"21,030",3848.67,"21,414",3175.54,"14,442",673.13,"6,972",37.31,"1,392",635.82,"5,580",366.69,"3,41,794",366.69,"3,41,794",0.00,0,42919.31,"32,36,674",43042.65,"1,16,03,274",42675.96,"1,12,61,480",29734.31,"8,98,224",2528.93,"1,74,307",27205.39,"7,23,917",2608.64,"53,83,869",577.75,"33,76,531",2030.89,"20,07,337",4167.07,"2,02,858",3.65,187,4139.66,"2,01,978",23.76,694,20.81,122,18.08,102,2.73,19,824.37,"24,138",824.37,"24,138",9643.64,-,623.93,-,9019.71,-,12811.27,-,10742.52,-,2068.76,-,2.40,-,2.15,-,0.26,-,5.62,-,45.20,-,40.22,-,990.22,-
Apr-2021,2.36,"1,51,38,384",0.83,"99,63,717",0.41,"7,39,674",0.21,"38,29,853",0.20,"53,94,189",1.49,"49,13,256",0.05,"2,61,411",151.52,"88,02,868",150.19,"75,55,042",1.33,"12,47,825",34506.22,"29,46,342",0.94,61,972.73,"5,383",0.00,0,3229.68,"2,99,542",1029.55,"1,01,457",2862.71,"20,46,235",26410.61,"4,93,664",0.96,15,921.28,"75,501",13.88,377,-,-,814.04,"74,985",93.36,139,4788.55,"1,15,232",1575.32,"59,049",782.31,"26,314",793.00,"32,735",3213.23,"56,183",1794.37,"35,621",1418.86,"20,562",4761.96,"22,059",3958.67,"14,250",803.29,"7,809",41.18,"1,724",762.11,"6,085",557.79,"5,53,322",557.79,"5,53,322",0.00,0,45535.79,"37,12,457",45687.32,"1,25,15,324",45129.53,"1,19,62,002",32494.77,"10,06,256",2563.99,"1,91,178",29930.78,"8,15,078",3056.11,"56,43,314",731.65,"34,56,451",2324.46,"21,86,863",5252.69,"2,55,533",5.09,258,5222.47,"2,54,397",25.13,878,22.06,133,18.85,111,3.20,22,725.35,"21,701",725.35,"21,701",9627.60,-,622.60,-,9005.00,-,12546.32,-,10577.30,-,1969.01,-,2.40,-,2.14,-,0.25,-,5.51,-,45.25,-,40.28,-,978.19,-
Mar-2021,2.92,"1,73,83,479",0.91,"1,11,82,301",0.42,"6,78,873",0.26,"43,62,390",0.23,"61,41,037",1.95,"58,28,078",0.06,"3,73,100",202.35,"1,29,82,215",200.70,"1,14,27,958",1.65,"15,54,257",37208.51,"40,53,907",1.16,72,1128.83,"11,086",0.00,0,3631.44,"3,27,236",1648.84,"1,64,298",3481.39,"30,46,329",27316.85,"5,04,886",0.94,15,1038.84,"86,505",12.92,346,-,-,920.42,"86,005",105.50,154,5650.32,"1,39,705",1887.27,"72,319",1012.86,"33,286",874.41,"39,033",3763.05,"67,386",2229.12,"42,816",1533.93,"24,570",5154.57,"21,286",4177.79,"14,683",976.79,"6,603",47.32,"1,666",929.46,"4,937",806.59,"7,22,031",806.59,"7,22,031",0.00,0,49858.84,"50,23,434",50061.19,"1,80,05,649",49254.60,"1,72,83,617",33082.40,"12,48,779",4852.88,"2,70,764",28229.52,"9,78,015",3811.17,"79,50,409",911.96,"48,83,563",2899.20,"30,66,846",6035.78,"2,85,268",5.92,307,6003.68,"2,83,955",26.18,"1,007",22.38,119,19.49,114,2.90,5,763.86,"22,276",763.86,"22,276",9602.51,-,620.49,-,8982.02,-,21655.68,-,19753.69,-,1901.99,-,2.39,-,2.14,-,0.25,-,5.43,-,47.20,-,35.70,-,925.22,-
Feb-2021,2.44,"1,58,72,384",0.95,"1,09,01,991",0.47,"6,81,845",0.24,"36,78,988",0.24,"65,41,158",1.44,"46,29,628",0.05,"3,40,765",157.70,"90,50,425",156.20,"76,45,510",1.50,"14,04,916",30607.09,"29,19,321",0.92,54,835.54,"4,766",0.00,0,3189.73,"2,75,230",830.89,"61,364",2821.07,"21,52,844",22928.94,"4,25,063",0.82,13,861.94,"68,323",9.33,223,-,-,781.43,"68,011",71.18,88,5059.24,"1,19,331",1613.77,"60,105",863.91,"27,754",749.87,"32,350",3445.46,"59,227",2008.87,"37,414",1436.60,"21,813",4519.77,"18,315",3648.84,"12,717",870.92,"5,598",39.71,"1,323",831.21,"4,275",636.07,"5,47,109",636.07,"5,47,109",0.00,0,41684.11,"36,72,400",41841.80,"1,27,22,825",41205.73,"1,21,75,716",24372.08,"9,33,736",2345.81,"1,86,602",22026.27,"7,47,134",3282.67,"43,43,633",759.79,"22,79,174",2522.88,"20,64,459",5530.45,"2,59,249",4.98,253,5502.19,"2,58,100",23.28,895,21.79,117,19.81,114,1.98,3,656.57,"18,381",656.57,"18,381",9556.49,-,616.47,-,8940.02,-,21556.23,-,19732.43,-,1823.81,-,2.35,-,2.10,-,0.25,-,5.12,-,47.15,-,34.92,-,875.86,-
Jan-2021,2.32,"1,57,23,500",0.93,"1,08,75,915",0.48,"6,57,843",0.22,"38,48,935",0.24,"63,69,137",1.35,"45,76,570",0.04,"2,71,015",156.68,"91,70,162",155.07,"78,54,553",1.61,"13,15,609",31708.24,"29,90,835",1.09,65,1224.28,"8,500",0.00,0,3465.52,"2,88,538",1115.13,"96,681",2874.93,"21,65,869",23027.28,"4,31,182",0.92,15,928.08,"79,372",10.29,214,-,-,839.08,"79,044",78.71,113,5443.74,"1,27,894",1744.20,"64,737",926.09,"29,409",818.11,"35,328",3699.54,"63,157",2132.37,"39,189",1567.18,"23,969",4386.66,"19,355",3495.85,"13,451",890.80,"5,904",43.29,"1,647",847.51,"4,257",657.01,"5,51,207",657.01,"5,51,207",0.00,0,43123.73,"37,68,662",43280.41,"1,29,38,824",42623.40,"1,23,87,618",27644.30,"10,20,313",2571.61,"2,12,336",25072.69,"8,07,977",3475.58,"65,45,051",800.47,"42,12,275",2675.11,"23,32,776",5729.97,"2,67,500",5.04,251,5700.50,"2,66,315",24.43,934,32.47,137,30.62,135,1.84,2,777.16,"21,700",777.16,"21,700",9491.63,-,610.98,-,8880.65,-,21212.16,-,19461.04,-,1751.11,-,2.34,-,2.09,-,0.25,-,5.12,-,46.55,-,33.60,-,805.89,-
Dec-2020,2.62,"1,57,57,032",1.00,"1,08,16,866",0.51,"7,72,886",0.25,"40,89,804",0.24,"59,54,176",1.58,"46,51,382",0.04,"2,88,785",163.48,"1,06,59,120",161.72,"90,58,136",1.75,"16,00,984",31735.79,"33,93,355",1.03,61,1018.90,"8,180",0.00,0,3556.93,"2,92,325",1741.20,"1,18,309",3076.15,"25,58,304",22341.58,"4,16,176",0.88,14,922.53,"81,871",8.90,187,-,-,840.43,"81,576",73.21,108,5502.88,"1,28,665",1737.79,"63,487",914.20,"28,961",823.59,"34,526",3765.09,"65,178",2165.50,"39,437",1599.59,"25,741",4337.56,"18,190",3521.48,"13,392",816.08,"4,798",45.26,"1,250",770.81,"3,547",719.40,"6,18,015",719.40,"6,18,015",0.00,0,43218.17,"42,40,096",43381.65,"1,48,99,216",42662.25,"1,42,81,201",25296.64,"9,01,655",2183.03,"1,74,603",23113.62,"7,27,052",3508.31,"66,71,575",799.18,"41,35,189",2709.13,"25,36,385",5676.29,"2,66,709",5.01,246,5646.77,"2,65,569",24.51,893,39.89,149,34.53,142,5.37,6,715.03,"19,671",715.03,"19,671",9460.57,-,603.97,-,8856.60,-,20819.06,-,19156.35,-,1662.71,-,2.33,-,2.08,-,0.25,-,4.97,-,45.85,-,32.00,-,752.31,-
Nov-2020,2.45,"1,06,92,192",0.79,"69,42,678",0.48,"7,27,023",0.12,"17,62,647",0.19,"44,53,008",1.64,"36,25,849",0.02,"1,23,665",137.80,"79,87,655",136.13,"68,02,206",1.67,"11,85,449",30270.13,"29,86,292",0.93,54,927.29,"4,400",0.00,0,3391.14,"2,76,459",1114.39,"96,127",2734.10,"22,18,252",22102.28,"3,90,999",0.91,15,944.24,"78,709",9.39,181,-,-,869.63,"78,433",65.22,96,5428.32,"1,30,239",1662.58,"62,350",874.82,"30,495",787.76,"31,855",3765.75,"67,889",2112.56,"42,289",1653.18,"25,600",4194.10,"16,811",3420.83,"12,820",773.27,"3,991",39.70,"1,114",733.57,"2,877",596.35,"4,94,300",596.35,"4,94,300",0.00,0,41433.13,"37,06,351",41570.93,"1,16,94,006",40974.58,"1,11,99,706",24288.77,"8,22,100",2191.98,"1,65,155",22096.79,"6,56,945",3118.37,"56,33,907",707.08,"35,43,436",2411.29,"20,90,471",5883.93,"2,77,940",4.64,231,5853.66,"2,76,797",25.63,912,37.91,143,32.33,137,5.58,6,684.78,"18,820",684.78,"18,820",9528.15,-,601.13,-,8927.02,-,20443.15,-,18857.67,-,1585.48,-,2.34,-,2.09,-,0.25,-,4.97,-,45.77,-,30.46,-,697.82,-
Oct-2020,2.44,"1,24,16,671",1.06,"88,49,617",0.61,"9,00,488",0.27,"41,08,317",0.18,"38,40,812",1.36,"34,35,633",0.02,"1,31,420",138.22,"84,96,046",136.54,"72,26,105",1.68,"12,69,941",28646.32,"29,93,166",1.02,57,961.85,"5,531",0.00,0,3189.72,"2,74,645",1015.89,"91,438",2761.65,"22,35,389",20716.19,"3,86,107",0.97,16,920.15,"79,305",10.55,192,-,-,848.34,"79,022",61.26,91,5650.70,"1,33,792",1718.03,"64,652",818.33,"26,956",899.70,"37,696",3932.66,"69,141",1983.98,"37,110",1948.68,"32,031",4591.52,"17,911",3639.88,"13,827",951.64,"4,084",37.12,"1,045",914.52,"3,039",643.08,"5,24,090",643.08,"5,24,090",0.00,0,40451.77,"37,48,265",40589.98,"1,22,44,310",39946.90,"1,17,20,220",22801.51,"7,98,327",2103.09,"1,58,841",20698.41,"6,39,486",3289.46,"55,02,800",731.93,"33,98,795",2557.52,"21,04,005",5656.39,"2,68,881",4.85,240,5626.50,"2,67,747",25.04,893,34.11,134,29.24,129,4.87,5,720.69,"18,354",720.69,"18,354",9335.85,-,594.20,-,8741.65,-,20143.54,-,18578.62,-,1564.92,-,2.34,-,2.10,-,0.24,-,4.90,-,45.81,-,26.05,-,657.45,-
Sep-2020,2.70,"1,33,97,758",1.08,"90,21,412",0.61,"8,81,023",0.29,"41,15,039",0.19,"40,25,350",1.60,"42,38,877",0.03,"1,37,470",130.11,"94,89,066",128.49,"79,93,814",1.61,"14,95,252",25506.72,"28,17,733",0.96,51,1059.85,"6,243",0.00,0,2796.08,"2,48,662",1179.89,"68,231",2468.27,"21,65,515",18001.67,"3,29,032",0.89,14,926.42,"78,240",15.28,205,-,-,857.43,"77,958",53.71,77,4994.52,"1,06,500",1486.71,"51,134",713.37,"21,986",773.33,"29,148",3507.81,"55,366",1758.83,"30,422",1748.98,"24,944",4625.96,"16,683",3616.58,"13,258",1009.37,"3,425",32.50,910,976.87,"2,515",612.71,"4,85,243",612.63,"4,85,114",0.08,128,36666.32,"35,04,399",36796.42,"1,29,93,465",36183.72,"1,25,08,222",20994.76,"7,05,945",1907.83,"1,45,416",19086.93,"5,60,529",3107.21,"56,19,467",711.68,"34,77,659",2395.53,"21,41,807",5065.50,"2,41,222",4.36,217,5038.61,"2,40,205",22.53,801,33.62,123,29.39,118,4.23,5,717.65,"17,096",717.65,"17,096",9241.29,-,586.94,-,8654.35,-,19960.47,-,18287.99,-,1672.48,-,2.34,-,2.10,-,0.24,-,4.62,-,44.23,-,22.99,-,604.07,-
Aug-2020,2.28,"1,25,76,300",0.96,"86,14,891",0.52,"8,67,395",0.27,"37,93,333",0.18,"39,54,162",1.28,"37,49,569",0.03,"2,11,840",116.77,"72,92,380",115.29,"63,82,552",1.49,"9,09,828",23968.19,"25,56,879",0.89,46,1196.39,"8,313",0.00,0,2461.25,"2,35,137",1775.28,"84,523",2346.09,"19,30,552",16188.28,"2,98,308",0.92,15,857.28,"67,146",19.50,253,-,-,791.81,"66,830",45.96,63,4814.53,"1,05,081",1425.11,"50,311",659.47,"21,001",765.64,"29,310",3389.42,"54,770",1647.47,"29,525",1741.95,"25,245",4903.41,"16,072",3967.82,"13,000",935.59,"3,072",29.20,737,906.39,"2,335",519.84,"4,25,462",519.73,"4,25,252",0.11,210,35063.25,"31,70,640",35180.02,"1,04,63,020",34660.18,"1,00,37,558",19962.77,"6,78,278",1736.72,"1,40,148",18226.05,"5,38,130",2932.34,"50,72,663",670.88,"32,39,825",2261.45,"18,32,837",4858.71,"2,36,446",3.66,184,4834.50,"2,35,549",20.55,713,32.48,134,27.89,129,4.60,5,814.30,"19,513",814.30,"19,513",9132.03,-,578.31,-,8553.73,-,20134.06,-,18482.49,-,1651.58,-,2.33,-,2.09,-,0.24,-,4.41,-,43.55,-,22.99,-,-,-
Jul-2020,2.52,"1,41,02,229",1.22,"94,07,660",0.73,"11,46,554",0.29,"40,98,668",0.20,"41,62,438",1.28,"45,44,294",0.02,"1,50,275",124.76,"83,35,279",123.22,"71,37,945",1.55,"11,97,334",21832.43,"25,87,407",0.86,45,1182.38,"8,976",0.00,0,2220.99,"2,25,775",1053.63,"98,960",2401.03,"19,63,113",14973.54,"2,90,538",0.91,15,855.71,"68,356",15.96,216,-,-,801.08,"68,083",38.67,56,4481.59,"95,883",1319.66,"45,558",601.63,"20,107",718.03,"25,451",3161.93,"50,325",1461.94,"25,821",1699.99,"24,504",3987.42,"15,521",3205.59,"12,892",781.83,"2,629",24.49,628,757.34,"2,002",532.38,"4,34,072",532.24,"4,33,799",0.14,272,31689.54,"32,01,239",31814.30,"1,15,36,518",31281.92,"1,11,02,447",17345.05,"6,39,099",1574.09,"1,30,562",15770.96,"5,08,536",2981.50,"49,78,552",716.10,"30,32,406",2265.41,"19,46,146",4683.98,"2,32,074",3.29,167,4661.48,"2,31,210",19.20,697,33.57,136,30.67,132,2.90,3,743.41,"17,469",743.41,"17,469",9099.87,-,576.32,-,8523.55,-,19272.63,-,17749.31,-,1523.32,-,2.34,-,2.10,-,0.24,-,4.40,-,43.57,-,22.37,-,-,-
Jun-2020,2.23,"1,33,83,223",1.01,"95,90,341",0.54,"9,28,567",0.27,"42,44,619",0.21,"44,17,155",1.19,"36,58,697",0.02,"1,34,185",119.68,"86,51,978",118.09,"76,41,700",1.59,"10,10,278",20341.73,"24,99,470",0.89,47,1371.10,"11,767",0.00,0,1989.12,"2,06,951",1337.29,"1,12,285",2274.01,"19,06,586",13369.31,"2,61,835",0.85,15,837.03,"70,703",14.67,186,-,-,788.94,"70,492",33.42,25,4250.89,"90,484",1248.55,"42,773",588.58,"19,293",659.97,"23,479",3002.34,"47,711",1475.38,"25,788",1526.95,"21,923",3546.66,"14,494",2905.68,"12,132",640.98,"2,362",35.36,710,605.62,"1,652",496.69,"4,01,666",496.38,"4,01,441",0.32,225,29472.99,"30,76,817",29592.67,"1,17,28,795",29095.98,"1,13,27,129",16246.12,"6,00,934",1424.08,"1,18,981",14822.05,"4,81,953",2672.21,"56,40,531",597.86,"36,35,373",2074.35,"20,05,157",4713.16,"2,29,517",3.23,163,4695.03,"2,28,733",14.91,620,29.42,116,27.82,114,1.60,3,990.75,"19,749",990.75,"19,749",9027.03,-,572.89,-,8454.14,-,19008.07,-,17553.64,-,1454.43,-,2.34,-,2.10,-,0.24,-,4.10,-,43.26,-,21.51,-,-,-
May-2020,1.71,"1,08,29,793",0.94,"77,85,920",0.56,"10,10,178",0.21,"31,30,998",0.18,"36,44,744",0.75,"29,34,498",0.01,"1,09,375",90.04,"70,41,869",88.68,"62,25,396",1.36,"8,16,473",18091.87,"20,18,057",0.87,41,1154.21,"14,245",0.00,0,1666.80,"1,69,402",995.63,"1,34,229",1929.39,"14,81,750",12344.97,"2,18,392",0.75,14,672.90,"50,962",13.40,159,-,-,640.09,"50,767",19.41,36,3687.68,"70,209",1028.86,"32,225",432.30,"13,470",596.56,"18,755",2658.82,"37,984",1121.15,"18,814",1537.67,"19,170",3032.04,"12,808",2532.24,"11,080",499.80,"1,729",40.82,551,458.98,"1,177",306.77,"2,60,227",306.50,"2,60,012",0.27,215,25791.26,"24,12,264",25881.30,"94,54,133",25574.53,"91,93,906",14680.20,"4,87,019",1264.83,"94,566",13415.37,"3,92,453",2198.14,"47,92,790",516.13,"32,28,157",1682.02,"15,64,633",4076.30,"1,95,921",2.76,141,4058.60,"1,95,283",14.94,496,36.25,116,36.06,116,0.19,1,1000.69,"17,929",1000.69,"17,929",8925.29,-,571.80,-,8353.49,-,18794.15,-,17300.77,-,1493.38,-,2.34,-,2.10,-,0.24,-,3.98,-,43.22,-,20.59,-,-,-
Apr-2020,1.34,"98,08,581",0.70,"66,44,724",0.38,"7,79,511",0.17,"25,17,435",0.16,"33,47,778",0.63,"30,30,887",0.01,"1,32,970",54.35,"64,43,653",53.35,"56,12,493",1.00,"8,31,161",17950.71,"16,87,803",0.69,29,2312.36,"18,996",0.00,0,1224.75,"1,21,141",2657.38,"90,089",1759.79,"13,06,406",9995.74,"1,51,141",0.70,11,691.42,"56,029",20.66,217,-,-,667.06,"55,805",3.70,7,2822.19,"44,015",768.53,"20,765",283.26,"8,052",485.27,"12,713",2053.66,"23,250",676.32,"9,005",1377.34,"14,245",2086.01,"9,648",1841.26,"8,693",244.75,956,38.21,313,206.54,642,176.82,"1,63,685",176.57,"1,63,487",0.25,197,23727.16,"19,61,180",23781.50,"84,04,833",23604.69,"82,41,148",11319.10,"3,65,027",1064.77,"73,416",10254.33,"2,91,611",1726.50,"44,26,861",385.68,"30,81,555",1340.82,"13,45,305",2949.90,"1,29,098",3.68,159,2935.26,"1,28,560",10.97,379,40.87,111,35.67,105,5.21,5,875.54,"14,462",875.54,"14,462",8868.07,-,573.60,-,8294.47,-,18342.76,-,17150.44,-,1192.32,-,2.34,-,2.10,-,0.24,-,3.90,-,43.91,-,20.19,-,-,-
Mar-2020,3.14,"1,38,08,922",1.27,"84,27,404",0.86,"13,06,083",0.23,"30,96,901",0.19,"40,24,420",1.82,"50,34,489",0.04,"3,47,030",118.95,"1,20,47,221",117.06,"1,03,68,946",1.89,"16,78,274",19635.40,"28,29,140",0.66,36,1239.58,"7,902",0.00,0,2168.23,"2,01,962",1134.79,"1,29,113",2623.70,"22,83,665",12468.45,"2,06,462",0.68,12,282.97,"34,269",8.88,141,-,0,256.21,"34,095",17.88,33,5246.70,"98,783",1638.57,"50,574",900.64,"26,656",737.93,"23,918",3608.13,"48,209",1925.25,"27,238",1682.88,"20,971",3982.85,"15,341",3178.60,"13,111",804.25,"2,229",81.02,"1,021",723.23,"1,209",710.34,"5,65,315",710.01,"5,65,046",0.33,269,29858.26,"35,42,848",29977.21,"1,55,90,068",29266.86,"1,50,24,754",13830.33,"5,20,199",1287.27,"1,09,624",12543.06,"4,10,575",2807.67,"61,77,461",650.37,"39,52,900",2157.30,"22,24,562",5440.02,"2,48,574",7.54,360,5409.61,"2,47,429",22.87,785,33.69,110,30.55,105,3.14,5,344.98,"9,993",344.98,"9,993",8863.07,-,577.45,-,8285.62,-,18251.64,-,17032.85,-,1218.79,-,2.34,-,2.11,-,0.24,-,4.12,-,44.34,-,20.28,-,-,-
Feb-2020,2.80,"1,08,21,111",1.17,"68,68,007",0.82,"12,09,395",0.19,"26,04,693",0.16,"30,53,919",1.59,"36,03,514",0.04,"3,49,590",133.15,"89,90,097",131.07,"77,18,135",2.08,"12,71,962",20370.86,"23,95,195",0.74,40,1398.12,"8,869",0.00,0,2477.98,"2,14,566",753.52,"78,710",2483.57,"18,70,494",13256.93,"2,22,517",0.70,12,577.38,"55,215",9.67,149,-,-,540.99,"55,013",26.72,53,6128.68,"1,20,708",1882.94,"62,147",1072.50,"33,446",810.44,"28,701",4245.74,"58,561",2455.92,"36,258",1789.83,"22,302",5685.17,"17,515",3782.82,"14,461",1902.35,"3,054",115.30,"1,116",1787.05,"1,938",884.95,"6,59,458",884.58,"6,59,157",0.37,301,33647.04,"32,48,090",33780.20,"1,22,38,187",32895.25,"1,15,78,729",14284.28,"5,25,845",1304.52,"1,08,332",12979.75,"4,17,513",3128.46,"48,54,804",726.37,"29,38,100",2402.09,"19,16,704",6184.76,"2,83,280",7.97,379,6148.83,"2,81,927",27.96,974,65.97,195,59.42,132,6.55,63,386.44,"11,201",386.44,"11,201",8801.81,-,571.58,-,8230.23,-,18103.65,-,16808.08,-,1295.57,-,2.34,-,2.11,-,0.23,-,4.05,-,43.71,-,18.96,-,-,-
Jan-2020,3.01,"1,28,26,782",1.09,"84,42,926",0.66,"9,57,188",0.21,"29,99,019",0.22,"44,86,719",1.88,"40,83,916",0.05,"2,99,940",137.29,"98,80,821",135.09,"85,58,049",2.20,"13,22,772",21168.29,"24,53,546",0.76,37,1508.83,"9,405",0.09,43,2595.26,"2,16,811",1407.61,"81,544",2605.55,"19,29,464",13050.19,"2,16,243",0.78,14,571.05,"55,298",9.36,141,-,-,536.08,"55,108",25.61,49,6518.12,"1,29,444",2017.27,"66,573",1160.35,"35,124",856.92,"31,449",4500.85,"62,871",2587.38,"38,907",1913.47,"23,964",5237.05,"18,286",3876.23,"15,408",1360.82,"2,878",128.35,997,1232.47,"1,880",887.17,"6,62,399",886.39,"6,61,741",0.78,658,34381.67,"33,18,974",34518.96,"1,31,99,795",33631.79,"1,25,37,396",14402.70,"5,21,368",1304.45,"1,07,648",13098.24,"4,13,720",3023.78,"55,70,802",684.97,"36,68,889",2338.81,"19,01,913",6532.65,"2,95,573",8.53,399,6495.69,"2,94,174",28.43,999,102.47,178,92.41,163,10.06,14,400.78,"11,109",400.78,"11,109",8725.30,-,561.20,-,8164.10,-,17574.74,-,16575.31,-,999.43,-,2.33,-,2.10,-,0.23,-,3.96,-,42.92,-,17.79,-,-,-
Dec-2019,2.83,"1,21,96,681",1.04,"80,85,475",0.61,"8,53,262",0.21,"29,50,776",0.21,"42,81,437",1.75,"38,31,685",0.04,"2,79,520",136.02,"1,03,16,937",133.82,"88,47,761",2.20,"14,69,176",20012.78,"24,40,122",0.84,35,1366.78,"5,985",0.10,53,2564.67,"2,10,934",659.48,"78,362",2336.88,"19,42,231",13084.02,"2,02,521",0.80,14,552.85,"54,320",7.37,112,-,-,531.45,"54,171",14.02,37,6485.39,"1,28,488",2036.64,"65,736",1181.09,"35,157",855.55,"30,579",4448.75,"62,752",2634.18,"39,740",1814.57,"23,013",5069.51,"18,922",3652.64,"15,835",1416.87,"3,088",121.90,"1,012",1294.97,"2,076",865.46,"6,46,583",864.44,"6,45,573",1.02,"1,010",32985.98,"32,88,436",33122.00,"1,36,05,373",32256.54,"1,29,58,789",14322.15,"4,93,342",1280.66,"1,01,679",13041.49,"3,91,663",2994.23,"55,34,795",694.78,"35,10,638",2299.45,"20,24,157",6490.66,"2,90,918",8.91,422,6453.50,"2,89,535",28.25,961,78.52,148,71.47,134,7.05,14,326.35,"9,163",326.35,"9,163",8606.57,-,553.33,-,8053.24,-,17625.43,-,16615.68,-,1009.75,-,2.32,-,2.10,-,0.22,-,3.81,-,42.49,-,17.13,-,-,-
Nov-2019,2.78,"1,06,55,649",1.01,"68,69,045",0.63,"8,62,104",0.19,"23,59,755",0.19,"36,47,186",1.74,"35,25,359",0.04,"2,61,245",133.87,"86,79,806",131.61,"74,69,569",2.27,"12,10,237",18731.18,"22,24,702",0.64,33,1361.27,"6,883",0.17,61,2280.75,"2,02,904",706.05,"90,941",2194.59,"17,34,651",12187.71,"1,89,229",0.74,13,530.54,"52,894",6.46,97,-,-,522.31,"52,792",1.77,5,5942.96,"1,18,339",1762.12,"60,130",1033.52,"31,730",728.60,"28,401",4180.84,"58,209",2483.18,"37,007",1697.66,"21,201",4640.07,"16,928",3354.08,"14,652",1285.99,"2,275",119.53,733,1166.45,"1,542",866.12,"6,44,802",864.86,"6,43,678",1.26,"1,124",30710.88,"30,57,665",30844.75,"1,17,37,472",29978.63,"1,10,92,669",13534.23,"4,71,295",1234.84,"96,802",12299.40,"3,74,494",2951.47,"44,04,301",646.76,"25,84,754",2304.72,"18,19,547",6272.56,"2,82,631",7.99,381,6236.89,"2,81,338",27.68,912,67.02,134,62.70,129,4.32,5,339.83,"9,648",339.83,"9,648",8851.69,-,544.11,-,8307.59,-,17263.20,-,16243.87,-,1019.33,-,2.32,-,2.10,-,0.22,-,3.74,-,41.28,-,15.94,-,-,-
,,,,,,,,,,,,,,,,,,,,,,,,,,,,,,,,,,,,,,,,,,,,,,,,,,,,,,,,,,,,,,,,,,,,,,,,,,,,,,,,,,,,,,,,,,,,,,,,,,,,,,,,,,,,,,,,,,,,,,,,,,,,,,,,,,,,,,,,,,,,
"@: New inclusion w.e.f. November 2019
 $ :  Inclusion separately initiated from November 2019 - would have been part of another items hitherto.
*: New inclusion w.e.f. September 2020; Includes only static UPI QR Code.",,,,,,,,,,,,,,,,,,,,,,,,,,,,,,,,,,,,,,,,,,,,,,,,,,,,,,,,,,,,,,,,,,,,,,,,,,,,,,,,,,,,,,,,,,,,,,,,,,,,,,,,,,,,,,,,,,,,,,,,,,,,,,,,,,,,,,,,,,,,
,,,,,,,,,,,,,,,,,,,,,,,,,,,,,,,,,,,,,,,,,,,,,,,,,,,,,,,,,,,,,,,,,,,,,,,,,,,,,,,,,,,,,,,,,,,,,,,,,,,,,,,,,,,,,,,,,,,,,,,,,,,,,,,,,,,,,,,,,,,,
"1. Data is provisional.
2. ECS (Debit and Credit) has been merged with NACH with effect from January 31, 2020.
3. The data for November 2019 and onwards for card payments (Debit/Credit cards) and Prepaid Payment Instruments (PPIs) may not be comparable with earlier  months/ periods, as more granular data is being published along with revision in data definitions.
4. Only domestic financial transactions are considered. The new format captures e-commerce transactions; transactions using FASTags; cash deposits,bill payments and card-to-card transfer through ATMs, etc.. Also, failed transactions, chargebacks, reversals, expired cards/ wallets, are excluded.",,,,,,,,,,,,,,,,,,,,,,,,,,,,,,,,,,,,,,,,,,,,,,,,,,,,,,,,,,,,,,,,,,,,,,,,,,,,,,,,,,,,,,,,,,,,,,,,,,,,,,,,,,,,,,,,,,,,,,,,,,,,,,,,,,,,,,,,,,,,
